;open_time;close_time;interval;open_price;close_price;low_price;high_price;volume;nr_trades
0;1578009600;1578095999;86399;6244.33;6568.73;6244.33;6608.59;7.11796;248
1;1578096000;1578182399;86399;6558.96;6568.18;6520.12;6690.0;3.65929;150
2;1578182400;1578268799;86399;6590.9;6589.0;6568.18;6699.28;6.73069;390
3;1578268800;1578355199;86399;6568.18;6914.15;6500.0;6950.0;20.500366;1158
4;1578355200;1578441599;86399;6942.65;7315.6;6900.0;7352.71;59.034802;1196
5;1578441600;1578527999;86399;7353.14;7239.17;7079.19;7552.26;44.380316;1248
6;1578528000;1578614399;86399;7209.85;7030.39;6983.08;7209.85;43.79388;680
7;1578614400;1578700799;86399;7059.9;7350.0;6924.0;7350.0;7.869904;324
8;1578700800;1578787199;86399;7350.0;7225.27;7168.68;7438.1;11.819684;426
9;1578787200;1578873599;86399;7213.35;7352.97;7171.15;7352.97;10.271146;328
10;1578873600;1578959999;86399;7352.97;7306.14;7247.06;7352.97;6.306506;314
11;1578960000;1579046399;86399;7288.12;7894.24;7288.12;7970.49;65.534346;1336
12;1579046400;1579132799;86399;7895.5;7881.35;7705.73;7989.59;34.707714;684
13;1579132800;1579219199;86399;7906.51;7845.98;7699.0;7917.05;21.88422;604
14;1579219200;1579305599;86399;7816.48;8035.0;7816.48;8075.59;32.86666;958
15;1579305600;1579391999;86399;8025.0;8050.0;7950.0;8077.1;29.285994;550
16;1579392000;1579478399;86399;8067.93;7838.11;7673.53;8271.43;68.538438;1620
17;1579478400;1579564799;86399;7853.71;7778.83;7250.6;7904.29;122.427914;1804
18;1579564800;1579651199;86399;7754.25;7893.54;7550.0;7919.13;114.488484;2608
19;1579651200;1579737599;86399;7880.0;7790.1;7734.63;7920.0;14.468464;596
20;1579737600;1579823999;86399;7771.01;7518.0;7440.98;7794.14;33.944188;1090
21;1579824000;1579910399;86399;7566.48;7599.48;7433.38;7705.73;20.14659;728
22;1579910400;1579996799;86399;7599.48;7573.36;7475.88;7617.25;12.99212;484
23;1579996800;1580083199;86399;7534.04;7793.06;7505.0;7793.06;11.679994;522
24;1580083200;1580169599;86399;7780.67;8055.42;7760.14;8137.95;20.083588;946
25;1580169600;1580255999;86399;8055.42;8498.23;8049.59;8503.0;40.709378;1690
26;1580256000;1580342399;86399;8518.09;8438.07;8373.88;8585.0;36.52805;1244
27;1580342400;1580428799;86399;8424.04;8598.0;8301.13;8669.55;57.854268;1484
28;1580428800;1580515199;86399;8618.47;8411.38;8302.36;8633.26;27.742058;904
29;1580515200;1580601599;86399;8425.26;8466.33;8374.93;8550.0;6.436222;342
30;1580601600;1580687999;86399;8458.46;8429.12;8262.01;8546.5;17.620148;582
31;1580688000;1580774399;86399;8399.73;8407.48;8336.95;8647.0;29.953432;992
32;1580774400;1580860799;86399;8411.62;8304.62;8197.3;8454.31;33.362732;1422
33;1580860800;1580947199;86399;8322.97;8739.96;8271.19;8928.86;56.63481;1834
34;1580947200;1581033599;86399;8753.44;8865.47;8652.25;8947.55;25.99532;1254
35;1581033600;1581119999;86399;8883.18;8947.0;8847.45;8993.36;20.148814;752
36;1581120000;1581206399;86399;8931.97;9044.88;8836.0;9100.0;12.893426;562
37;1581206400;1581292799;86399;9050.22;9244.0;9036.35;9284.0;18.399824;900
38;1581292800;1581379199;86399;9265.3;9031.31;8875.0;9294.33;33.014596;1294
39;1581379200;1581465599;86399;9010.83;9364.75;8879.54;9475.0;55.33827;2096
40;1581465600;1581551999;86399;9424.06;9478.0;9287.15;9597.35;53.316446;2108
41;1581552000;1581638399;86399;9497.98;9430.51;9231.06;9682.5;82.148784;2772
42;1581638400;1581724799;86399;9410.51;9550.7;9238.63;9586.16;55.431682;1656
43;1581724800;1581811199;86399;9552.0;9139.48;9025.0;9586.16;58.67913;2114
44;1581811200;1581897599;86399;9100.0;9161.25;8883.88;9279.84;76.736634;2502
45;1581897600;1581983999;86399;9129.29;8924.14;8726.24;9190.97;83.25923;2892
46;1581984000;1582070399;86399;8939.41;9431.53;8835.12;9500.0;48.934002;2016
47;1582070400;1582156799;86399;9426.61;8892.56;8679.89;9520.0;49.589918;1800
48;1582156800;1582243199;86399;8920.0;8918.84;8738.86;8994.23;72.561188;2366
49;1582243200;1582329599;86399;8891.81;8927.52;8848.22;9049.65;33.788152;1238
50;1582329600;1582415999;86399;8925.63;8938.69;8836.25;8956.86;25.445962;558
51;1582416000;1582502399;86399;8914.87;9207.92;8914.87;9234.76;32.87152;1702
52;1582502400;1582588799;86399;9200.13;8890.79;8743.13;9234.85;49.070598;1724
53;1582588800;1582675199;86399;8854.58;8570.92;8483.12;8923.31;62.717188;1984
54;1582675200;1582761599;86399;8605.13;8071.09;7850.0;8609.67;122.99937;4190
55;1582761600;1582847999;86399;8056.25;8000.0;7843.0;8381.01;79.188582;2364
56;1582848000;1582934399;86399;8013.08;7897.0;7650.0;8100.0;87.198008;2282
57;1582934400;1583020799;86399;7919.38;7760.0;7760.0;8013.48;39.154518;1070
58;1583020800;1583107199;86399;7748.25;7707.54;7630.0;7929.95;54.978442;1610
59;1583107200;1583193599;86399;7707.54;7966.68;7693.25;8073.76;99.17453;2906
60;1583193600;1583279999;86399;7966.68;7854.32;7750.0;8055.0;27.49433;1130
61;1583280000;1583366399;86399;7875.19;7918.26;7794.15;7997.05;53.748518;1962
62;1583366400;1583452799;86399;7926.22;8135.18;7908.76;8250.0;79.84616;1680
63;1583452800;1583539199;86399;8152.51;8160.2;8031.06;8194.04;72.419768;1294
64;1583539200;1583625599;86399;8145.51;7956.6;7902.85;8210.52;57.813906;836
65;1583625600;1583711999;86399;7916.86;7111.76;7067.0;7916.86;117.142788;2870
66;1583712000;1583798399;86399;7111.76;6958.83;6640.44;7228.02;208.559146;4106
67;1583798400;1583884799;86399;6989.59;7019.36;6868.0;7210.01;87.786358;1820
68;1583884800;1583971199;86399;7016.85;7120.06;6748.18;7120.85;103.140408;2098
69;1583971200;1584057599;86399;7113.56;4350.77;4000.0;7113.56;756.81846;18396
70;1584057600;1584143999;86399;4368.1;5173.76;3363.1;5519.88;1579.563536;46136
71;1584144000;1584230399;86399;5173.76;4727.48;4600.0;5187.19;584.074068;22020
72;1584230400;1584316799;86399;4721.09;4849.3;4646.83;5400.0;285.201074;10354
73;1584316800;1584403199;86399;4826.26;4555.0;4001.04;4894.47;553.158014;14528
74;1584403200;1584489599;86399;4574.79;4933.17;4474.96;5091.75;486.65327;16668
75;1584489600;1584575999;86399;4958.8;4974.95;4609.27;5006.0;414.525288;10318
76;1584576000;1584662399;86399;4977.46;5846.68;4874.6;6107.42;797.355606;24870
77;1584662400;1584748799;86399;5870.0;5861.36;5326.44;6499.99;686.905686;12906
78;1584748800;1584835199;86399;5860.06;5808.7;5490.84;6084.9;318.709174;6918
79;1584835200;1584921599;86399;5828.3;5495.68;5404.83;6025.84;186.783934;5218
80;1584921600;1585007999;86399;5495.68;6079.71;5387.72;6180.0;422.552108;9476
81;1585008000;1585094399;86399;6079.71;6265.21;5972.33;6459.88;631.651022;21218
82;1585094400;1585180799;86399;6276.96;6195.65;6010.56;6450.0;251.602658;6870
83;1585180800;1585267199;86399;6218.84;6159.04;5997.35;6259.21;210.388954;5800
84;1585267200;1585353599;86399;6162.54;5842.05;5742.0;6252.19;161.643226;4742
85;1585353600;1585439999;86399;5839.09;5737.14;5533.29;6071.76;192.080388;5378
86;1585440000;1585526399;86399;5737.88;5383.4;5383.4;5742.13;236.451252;6750
87;1585526400;1585612799;86399;5385.72;5906.69;5360.07;6094.99;280.585014;5238
88;1585612800;1585699199;86399;5942.62;5940.0;5885.34;6237.0;173.33333;4256
89;1585699200;1585785599;86399;5940.0;6158.92;5675.02;6177.0;174.992658;4592
90;1585785600;1585871999;86399;6155.9;6357.94;6055.34;6693.0;305.907222;8928
91;1585872000;1585958399;86399;6342.0;6336.95;6200.0;6585.5;151.309562;5334
92;1585958400;1586044799;86399;6332.47;6423.0;6280.0;6513.26;152.92559;4570
93;1586044800;1586131199;86399;6436.0;6340.0;6192.96;6478.65;83.317312;3186
94;1586131200;1586217599;86399;6332.0;6817.58;6318.0;6845.87;301.861974;8650
95;1586217600;1586303999;86399;6821.0;6654.14;6580.0;6920.43;226.389544;7088
96;1586304000;1586390399;86399;6654.14;6799.83;6622.0;6850.0;145.37765;5388
97;1586390400;1586476799;86399;6799.82;6767.82;6600.0;6830.16;172.911978;5018
98;1586476800;1586563199;86399;6767.82;6392.29;6240.0;6776.97;278.296904;7796
99;1586563200;1586649599;86399;6396.11;6400.0;6300.0;6455.74;91.990026;3406
100;1586649600;1586735999;86399;6412.0;6447.0;6321.73;6699.32;97.253582;3850
101;1586736000;1586822399;86399;6447.0;6343.99;6088.95;6447.0;229.7976;6306
102;1586822400;1586908799;86399;6343.0;6310.91;6240.93;6420.0;105.679722;3646
103;1586908800;1586995199;86399;6310.0;6151.02;6151.0;6383.96;170.529562;4062
104;1586995200;1587081599;86399;6151.0;6597.19;6043.55;6660.0;211.64238;6602
105;1587081600;1587167999;86399;6600.0;6510.0;6500.0;6635.32;93.934014;2922
106;1587168000;1587254399;86399;6510.0;6707.4;6510.0;6793.8;112.62558;3096
107;1587254400;1587340799;86399;6707.4;6630.53;6555.51;6730.13;54.598906;2402
108;1587340800;1587427199;86399;6616.31;6364.18;6281.68;6688.0;147.924136;4628
109;1587427200;1587513599;86399;6339.32;6378.91;6288.0;6687.0;128.596652;3864
110;1587513600;1587599999;86399;6378.91;6635.42;6342.25;6685.23;142.205868;3324
111;1587600000;1587686399;86399;6638.71;6966.3;6523.71;7189.8;170.36793;5506
112;1587686400;1587772799;86399;6974.6;6980.02;6912.02;7120.0;162.23966;4238
113;1587772800;1587859199;86399;6981.85;7030.0;6947.77;7164.0;68.3;2562
114;1587859200;1587945599;86399;7030.0;7171.99;6995.0;7171.99;77.056344;3224
115;1587945600;1588031999;86399;7175.92;7214.48;7105.8;7262.27;140.311178;5116
116;1588032000;1588118399;86399;7214.47;7237.38;7143.0;7245.0;139.638936;4392
117;1588118400;1588204799;86399;7237.37;8119.93;7200.0;8444.0;638.812518;17000
118;1588204800;1588291199;86399;8119.0;7953.94;7765.99;8788.11;682.76479;21412
119;1588291200;1588377599;86399;7965.88;8073.6;7965.13;8377.1;295.613816;19988
120;1588377600;1588463999;86399;8073.85;8190.72;8000.5;8221.58;179.441806;12140
121;1588464000;1588550399;86399;8199.59;8162.04;8010.0;8389.0;309.76592;15740
122;1588550400;1588636799;86399;8159.61;8179.88;7802.95;8225.44;274.376232;12810
123;1588636800;1588723199;86399;8179.89;8389.0;8102.98;8412.13;270.032366;12702
124;1588723200;1588809599;86399;8389.42;8500.01;8300.0;8730.0;317.586122;14064
125;1588809600;1588895999;86399;8544.99;9221.0;8375.0;9296.62;544.218018;20180
126;1588896000;1588982399;86399;9221.0;9069.71;8963.0;9355.08;336.269128;16620
127;1588982400;1589068799;86399;9069.71;8799.05;8727.42;9160.05;522.381008;21926
128;1589068800;1589155199;86399;8800.44;8087.53;7500.87;8855.34;594.088534;23594
129;1589155200;1589241599;86399;8113.83;7979.97;7657.54;8521.01;449.086116;18562
130;1589241600;1589327999;86399;7980.25;8180.38;7935.52;8350.69;179.413132;11280
131;1589328000;1589414399;86399;8190.22;8670.16;8187.49;8750.0;263.240888;16618
132;1589414400;1589500799;86399;8687.0;9088.71;8619.39;9240.0;506.186116;22304
133;1589500800;1589587199;86399;9086.47;8645.0;8446.6;9134.91;307.017156;19350
134;1589587200;1589673599;86399;8645.0;8716.65;8550.94;8901.54;141.699036;13750
135;1589673600;1589759999;86399;8714.19;8973.37;8670.36;9178.96;278.210898;15722
136;1589760000;1589846399;86399;8975.7;8975.1;8830.9;9204.53;298.69874;15680
137;1589846400;1589932799;86399;9000.0;8982.32;8769.0;9075.0;224.558546;13584
138;1589932800;1590019199;86399;8980.45;8786.0;8647.05;9040.32;347.811358;13916
139;1590019200;1590105599;86399;8761.34;8358.66;8109.94;8808.58;405.143042;18784
140;1590105600;1590191999;86399;8353.92;8490.98;8235.0;8615.99;342.525648;17710
141;1590192000;1590278399;86399;8507.93;8534.95;8450.44;8633.19;82.755274;6218
142;1590278400;1590364799;86399;8520.46;8139.37;8109.94;8625.42;234.587414;10474
143;1590364800;1590451199;86399;8131.19;8291.08;8074.02;8365.98;422.877656;22976
144;1590451200;1590537599;86399;8274.64;8199.83;8075.18;8422.56;211.544436;9804
145;1590537600;1590623999;86399;8200.24;8480.57;8136.44;8527.0;214.213892;7052
146;1590624000;1590710399;86399;8485.1;8664.11;8400.0;8725.58;231.673524;9962
147;1590710400;1590796799;86399;8668.69;8575.28;8470.12;8706.75;146.799284;8270
148;1590796800;1590883199;86399;8574.85;8733.18;8501.95;8785.0;152.134934;7692
149;1590883200;1590969599;86399;8725.74;8540.19;8505.0;8733.8;86.903736;7200
150;1590969600;1591055999;86399;8518.72;9048.99;8514.03;9192.77;204.340052;7986
151;1591056000;1591142399;86399;9048.99;8619.35;8386.11;9099.99;414.798266;12790
152;1591142400;1591228799;86399;8588.15;8655.26;8493.39;8699.0;157.597776;7856
153;1591228800;1591315199;86399;8650.39;8691.02;8590.0;8833.0;201.330948;8710
154;1591315200;1591401599;86399;8682.18;8602.0;8582.58;8750.0;142.831448;6072
155;1591401600;1591487999;86399;8613.73;8649.74;8540.63;8698.57;121.665446;5542
156;1591488000;1591574399;86399;8650.72;8684.8;8451.09;8744.55;143.97491;6208
157;1591574400;1591660799;86399;8684.36;8719.55;8625.0;8739.0;162.487906;5570
158;1591660800;1591747199;86399;8720.0;8665.42;8583.74;8775.67;169.551916;8194
159;1591747200;1591833599;86399;8652.85;8731.44;8622.6;8800.0;209.780946;8214
160;1591833600;1591919999;86399;8745.0;8285.13;8123.69;8785.0;404.95629;14608
161;1591920000;1592006399;86399;8288.01;8485.0;8268.51;8523.8;214.82892;8994
162;1592006400;1592092799;86399;8485.0;8467.86;8365.5;8500.0;86.286138;3840
163;1592092800;1592179199;86399;8477.84;8339.52;8273.73;8480.56;57.719304;3252
164;1592179200;1592265599;86399;8336.58;8375.37;7950.0;8453.76;336.857998;11466
165;1592265600;1592351999;86399;8383.21;8500.0;8340.01;8550.0;197.506706;10018
166;1592352000;1592438399;86399;8488.24;8489.05;8300.0;8540.0;207.429238;8190
167;1592438400;1592524799;86399;8488.67;8448.6;8355.69;8494.12;201.180622;10544
168;1592524800;1592611199;86399;8426.87;8376.45;8305.0;8473.2;192.359078;10518
169;1592611200;1592697599;86399;8371.65;8411.29;8275.11;8434.29;83.393918;5132
170;1592697600;1592783999;86399;8419.53;8352.68;8345.12;8470.0;71.338718;4960
171;1592784000;1592870399;86399;8347.84;8615.86;8339.94;8682.18;249.854294;10624
172;1592870400;1592956799;86399;8623.11;8540.05;8525.6;8639.0;179.594264;8732
173;1592956800;1593043199;86399;8542.73;8323.66;8250.0;8592.81;321.521038;10366
174;1593043200;1593129599;86399;8301.56;8285.97;8102.63;8357.67;217.3834;13806
175;1593129600;1593215999;86399;8285.05;8228.75;8143.39;8341.81;333.335772;16378
176;1593216000;1593302399;86399;8228.33;8108.44;7980.0;8280.5;180.989796;13232
177;1593302400;1593388799;86399;8104.3;8193.52;8039.22;8245.13;89.174046;5054
178;1593388800;1593475199;86399;8200.32;8209.59;8051.06;8251.0;173.029408;9370
179;1593475200;1593561599;86399;8213.51;8194.96;8130.09;8229.83;200.840444;9632
180;1593561600;1593647999;86399;8166.24;8258.81;8144.88;8314.23;273.082398;13112
181;1593648000;1593734399;86399;8262.28;8136.69;8010.0;8280.54;242.351162;11274
182;1593734400;1593820799;86399;8132.83;8121.89;8097.7;8176.41;146.710936;13266
183;1593820800;1593907199;86399;8101.09;8165.0;8090.01;8215.11;72.294382;6194
184;1593907200;1593993599;86399;8173.8;8112.35;7959.0;8179.22;153.24546;8320
185;1593993600;1594079999;86399;8116.67;8282.79;8085.72;8301.0;259.620678;14360
186;1594080000;1594166399;86399;8293.44;8252.66;8205.41;8294.34;218.841856;14826
187;1594166400;1594252799;86399;8255.8;8377.35;8231.14;8415.0;345.52409;17900
188;1594252800;1594339199;86399;8373.51;8224.8;8150.0;8381.23;208.258666;11686
189;1594339200;1594425599;86399;8223.07;8264.07;8140.62;8287.32;237.476524;10604
190;1594425600;1594511999;86399;8260.49;8218.95;8168.5;8279.68;109.640802;7650
191;1594512000;1594598399;86399;8223.19;8259.8;8155.25;8306.85;117.369082;6778
192;1594598400;1594684799;86399;8275.0;8188.78;8155.0;8299.92;287.029514;10698
193;1594684800;1594771199;86399;8180.0;8157.58;8060.0;8199.74;310.565116;14570
194;1594771200;1594857599;86399;8158.7;8093.07;8064.0;8174.48;229.41612;10634
195;1594857600;1594943999;86399;8095.49;8058.15;7969.75;8146.63;359.627346;15580
196;1594944000;1595030399;86399;8057.74;8052.89;7980.46;8094.44;243.466402;9604
197;1595030400;1595116799;86399;8048.36;8070.18;8023.0;8098.61;99.805082;5122
198;1595116800;1595203199;86399;8076.89;8101.09;8013.88;8104.0;128.630476;6424
199;1595203200;1595289599;86399;8097.04;8044.21;8014.0;8110.54;247.618766;10402
200;1595289600;1595375999;86399;8043.8;8187.31;8036.24;8300.0;350.457352;13440
201;1595376000;1595462399;86399;8184.82;8274.9;8089.96;8296.62;301.603366;12412
202;1595462400;1595548799;86399;8269.59;8320.5;8211.0;8360.29;303.45791;10242
203;1595548800;1595635199;86399;8317.35;8227.27;8200.0;8320.09;328.888616;10682
204;1595635200;1595721599;86399;8239.42;8362.82;8228.81;8394.59;166.602946;7308
205;1595721600;1595807999;86399;8365.16;8550.68;8260.42;8700.0;422.234212;13674
206;1595808000;1595894399;86399;8551.11;9348.84;8531.73;9630.0;1037.369192;27958
207;1595894400;1595980799;86399;9351.99;9337.89;9023.0;9594.03;801.365096;24706
208;1595980800;1596067199;86399;9352.54;9490.0;9293.28;9640.0;536.7726;20838
209;1596067200;1596153599;86399;9464.53;9402.71;9239.99;9493.37;536.859314;17984
210;1596153600;1596239999;86399;9404.38;9583.13;9285.0;9717.24;647.713802;25684
211;1596240000;1596326399;86399;9583.13;10039.17;9440.6;10059.2;904.990496;23938
212;1596326400;1596412799;86399;10028.77;9413.21;9008.99;10235.9;778.86786;27976
213;1596412800;1596499199;86399;9421.16;9604.51;9323.8;9821.4;440.942578;19576
214;1596499200;1596585599;86399;9608.95;9527.49;9439.46;9747.77;533.034592;21430
215;1596585600;1596671999;86399;9527.26;9915.21;9465.55;9942.64;602.18313;21676
216;1596672000;1596758399;86399;9917.58;9968.96;9794.54;10100.0;529.47645;24310
217;1596758400;1596844799;86399;9951.6;9895.12;9675.74;10095.0;639.257766;23276
218;1596844800;1596931199;86399;9899.49;10027.57;9835.7;10064.47;272.584548;14174
219;1596931200;1597017599;86399;10026.74;9974.21;9836.45;10055.66;299.62905;13456
220;1597017600;1597103999;86399;9979.76;10180.01;9875.0;10275.52;748.824172;28198
221;1597104000;1597190399;86399;10180.92;9764.7;9527.53;10210.8;1035.660586;33262
222;1597190400;1597276799;86399;9764.7;9858.66;9585.71;9911.58;587.375246;26312
223;1597276800;1597363199;86399;9854.56;9956.27;9578.98;9989.41;596.22205;23318
224;1597363200;1597449599;86399;9966.55;9991.74;9890.0;10075.0;597.167238;25020
225;1597449600;1597535999;86399;9999.5;10039.21;9947.0;10156.24;413.816978;16322
226;1597536000;1597622399;86399;10036.78;10096.49;9935.65;10107.89;285.79579;11816
227;1597622400;1597708799;86399;10102.68;10400.2;9971.64;10547.95;942.3498;28838
228;1597708800;1597795199;86399;10399.99;10062.63;9970.43;10476.99;868.602882;30918
229;1597795200;1597881599;86399;10056.85;9970.9;9772.46;10104.54;799.28113;29976
230;1597881600;1597967999;86399;9977.73;10053.01;9916.57;10085.0;494.337484;23566
231;1597968000;1598054399;86399;10049.0;9818.04;9779.39;10076.96;533.830312;24090
232;1598054400;1598140799;86399;9822.14;9952.33;9692.18;9968.18;291.97034;13734
233;1598140800;1598227199;86399;9949.98;9932.01;9821.18;9990.26;214.06216;14310
234;1598227200;1598313599;86399;9932.0;10026.64;9877.19;10050.0;407.387542;19538
235;1598313600;1598399999;86399;10025.48;9628.81;9456.61;10040.15;898.450328;30794
236;1598400000;1598486399;86399;9614.4;9740.51;9561.39;9816.05;549.00567;23056
237;1598486400;1598572799;86399;9736.33;9626.54;9467.2;9820.0;695.558986;24328
238;1598572800;1598659199;86399;9644.89;9738.48;9599.0;9757.11;422.043472;22086
239;1598659200;1598745599;86399;9740.84;9696.72;9646.32;9784.7;184.063162;10366
240;1598745600;1598831999;86399;9686.33;9872.95;9685.41;9878.72;185.619562;11742
241;1598832000;1598918399;86399;9874.42;9819.01;9776.51;9925.88;339.872628;20536
242;1598918400;1599004799;86399;9812.56;10031.48;9720.47;10159.54;706.9432;30538
243;1599004800;1599091199;86399;10033.18;9676.04;9480.0;10066.16;950.269126;33510
244;1599091200;1599177599;86399;9670.0;8635.02;8503.0;9744.23;1238.627134;31290
245;1599177600;1599263999;86399;8628.9;8893.89;8401.0;9036.03;998.077804;21370
246;1599264000;1599350399;86399;8893.13;8634.9;8350.55;8980.26;994.356638;16256
247;1599350400;1599436799;86399;8630.43;8709.75;8495.87;8789.0;597.004902;13642
248;1599436800;1599523199;86399;8710.89;8825.55;8397.72;8855.89;863.559958;18620
249;1599523200;1599609599;86399;8829.5;8645.9;8415.72;8880.21;1006.16169;26446
250;1599609600;1599695999;86399;8650.01;8711.85;8524.59;8814.0;477.220252;16582
251;1599696000;1599782399;86399;8703.56;8787.57;8701.47;8861.95;479.400704;18148
252;1599782400;1599868799;86399;8788.56;8825.24;8658.4;8827.29;384.360198;16586
253;1599868800;1599955199;86399;8827.74;8857.66;8717.09;8890.0;233.804104;11392
254;1599955200;1600041599;86399;8860.12;8754.88;8660.0;8972.65;382.4293;12516
255;1600041600;1600127999;86399;8763.91;9040.63;8701.01;9112.11;755.311506;20518
256;1600128000;1600214399;86399;9041.58;9153.32;8973.0;9281.36;808.635908;28850
257;1600214400;1600300799;86399;9152.59;9329.04;9051.54;9435.21;784.066806;31024
258;1600300800;1600387199;86399;9324.83;9282.61;9153.35;9425.99;777.498234;26906
259;1600387200;1600473599;86399;9287.54;9282.66;9160.0;9349.97;691.379028;24752
260;1600473600;1600559999;86399;9280.92;9396.46;9244.75;9484.1;399.012978;16874
261;1600560000;1600646399;86399;9392.96;9265.11;9132.45;9398.3;370.314704;15294
262;1600646400;1600732799;86399;9268.01;8891.55;8806.23;9309.96;926.455492;31920
263;1600732800;1600819199;86399;8895.0;9034.33;8849.9;9076.47;850.081464;22196
264;1600819200;1600905599;86399;9036.37;8815.19;8741.38;9061.5;719.403266;21456
265;1600905600;1600991999;86399;8827.88;9223.94;8787.18;9257.0;770.577604;25532
266;1600992000;1601078399;86399;9233.84;9229.39;9111.37;9293.22;660.12799;19854
267;1601078400;1601164799;86399;9234.36;9276.59;9190.25;9329.35;241.323962;12864
268;1601164800;1601251199;86399;9267.46;9280.95;9150.45;9315.0;259.527504;15456
269;1601251200;1601337599;86399;9297.14;9201.64;9160.0;9424.0;690.13138;21092
270;1601337600;1601423999;86399;9188.88;9266.79;9109.63;9285.12;722.471746;20744
271;1601424000;1601510399;86399;9266.23;9214.81;9135.2;9267.51;578.78376;18218
272;1601510400;1601596799;86399;9226.0;9080.65;8942.28;9334.15;859.490148;24306
273;1601596800;1601683199;86399;9080.55;9064.78;8902.32;9143.01;752.97605;25318
274;1601683200;1601769599;86399;9064.08;9040.26;8992.95;9084.16;216.884918;10956
275;1601769600;1601855999;86399;9033.39;9123.52;9021.18;9162.0;200.262768;11524
276;1601856000;1601942399;86399;9123.52;9180.75;9077.84;9182.68;630.696222;18732
277;1601942400;1602028799;86399;9183.14;9072.02;9000.0;9195.09;730.34064;24084
278;1602028800;1602115199;86399;9068.53;9103.18;9023.19;9114.15;471.267492;20462
279;1602115200;1602201599;86399;9104.21;9311.5;9000.0;9341.25;645.807622;21726
280;1602201600;1602287999;86399;9312.5;9380.22;9240.31;9442.28;773.087424;21272
281;1602288000;1602374399;86399;9379.76;9544.25;9372.1;9681.54;510.738886;21616
282;1602374400;1602460799;86399;9540.51;9638.71;9528.01;9680.0;342.68781;16658
283;1602460800;1602547199;86399;9627.88;9745.32;9530.13;9931.6;885.231784;29660
284;1602547200;1602633599;86399;9745.32;9767.65;9653.06;9845.15;697.433442;23846
285;1602633600;1602719999;86399;9777.8;9738.5;9639.53;9854.78;755.44022;25564
286;1602720000;1602806399;86399;9744.75;9855.26;9657.0;9894.0;825.676966;26340
287;1602806400;1602892799;86399;9856.31;9696.0;9607.0;9881.42;849.47015;27934
288;1602892800;1602979199;86399;9696.0;9727.37;9652.02;9763.41;292.982694;14374
289;1602979200;1603065599;86399;9726.82;9848.58;9716.01;9849.5;292.752238;15632
290;1603065600;1603151999;86399;9850.0;10012.0;9765.95;10040.0;969.859922;29658
291;1603152000;1603238399;86399;10012.0;10102.51;9925.47;10192.0;1245.265282;37946
292;1603238400;1603324799;86399;10106.15;10810.05;10087.95;11179.94;2064.832156;57036
293;1603324800;1603411199;86399;10808.28;11009.72;10746.28;11190.0;1608.398384;55276
294;1603411200;1603497599;86399;11006.68;10932.6;10779.21;11040.0;1073.211878;43562
295;1603497600;1603583999;86399;10931.55;11086.44;10890.14;11116.65;692.053212;27194
296;1603584000;1603670399;86399;11085.53;11030.24;10914.49;11262.51;538.72824;25250
297;1603670400;1603756799;86399;11034.84;11099.29;10855.76;11235.39;1216.96285;40392
298;1603756800;1603843199;86399;11099.3;11612.55;11079.68;11732.68;1739.31549;56986
299;1603843200;1603929599;86399;11610.59;11332.26;11011.0;11780.0;1934.048938;54768
300;1603929600;1604015999;86399;11327.05;11555.0;11118.09;11733.52;1256.86423;40484
301;1604016000;1604102399;86399;11555.0;11655.48;11282.73;11769.91;1438.59293;45522
302;1604102400;1604188799;86399;11657.95;11872.75;11542.27;12093.67;1059.97013;41074
303;1604188800;1604275199;86399;11865.17;11848.84;11729.4;11947.7;641.231396;30176
304;1604275200;1604361599;86399;11849.91;11683.0;11361.36;11900.0;1383.838368;47710
305;1604361600;1604447999;86399;11678.72;11937.89;11441.02;11987.82;1265.600708;56738
306;1604448000;1604534399;86399;11939.08;12081.69;11594.92;12179.33;1727.270522;77710
307;1604534400;1604620799;86399;12085.76;13177.56;12042.09;13292.05;3883.478142;105520
308;1604620800;1604707199;86399;13170.67;13109.77;12665.94;13472.74;2856.594524;94304
309;1604707200;1604793599;86399;13107.36;12446.84;12037.01;13200.0;2281.154398;83302
310;1604793600;1604879999;86399;12453.1;12971.35;12361.65;13199.16;1559.08705;62236
311;1604880000;1604966399;86399;12972.19;12963.26;12578.22;13360.26;2505.218778;89804
312;1604966400;1605052799;86399;12964.02;12989.59;12796.83;13114.02;1835.262682;62744
313;1605052800;1605139199;86399;12986.88;13363.81;12961.21;13594.0;2260.077662;74716
314;1605139200;1605225599;86399;13360.25;13865.39;13179.26;13891.9;3173.742128;90550
315;1605225600;1605311999;86399;13865.07;13843.2;13550.0;13990.0;2155.448908;67766
316;1605312000;1605398399;86399;13846.5;13630.14;13333.2;13846.5;1477.301838;54410
317;1605398400;1605484799;86399;13640.0;13520.68;13388.78;13697.49;950.541536;46784
318;1605484800;1605571199;86399;13520.0;14142.66;13443.34;14281.0;2552.050666;85282
319;1605571200;1605657599;86399;14147.3;14928.25;13995.71;15099.0;3899.047694;119540
320;1605657600;1605743999;86399;14926.43;15039.45;14513.0;15569.46;4927.582986;168166
321;1605744000;1605830399;86399;15040.91;15054.48;14715.42;15387.0;2970.628538;120882
322;1605830400;1605916799;86399;15056.25;15768.45;14990.0;15898.18;3072.659292;117816
323;1605916800;1606003199;86399;15770.13;15758.0;15550.0;16009.21;2873.708338;117112
324;1606003200;1606089599;86399;15763.1;15556.03;14829.82;15798.72;3069.966194;124746
325;1606089600;1606175999;86399;15551.9;15562.98;15181.19;15848.57;3068.448876;132470
326;1606176000;1606262399;86399;15562.98;16169.85;15300.0;16455.45;4472.013646;179386
327;1606262400;1606348799;86399;16164.96;15780.67;15577.98;16432.19;3285.398046;147310
328;1606348800;1606435199;86399;15776.39;14465.33;13659.71;15922.55;9107.707754;274392
329;1606435200;1606521599;86399;14471.8;14384.27;13849.99;14714.89;4192.946718;161786
330;1606521600;1606607999;86399;14384.63;14897.09;14170.25;15027.1;2622.331902;104444
331;1606608000;1606694399;86399;14894.39;15251.87;14720.01;15385.78;2228.134678;95726
332;1606694400;1606780799;86399;15251.1;16449.17;15249.82;16529.0;5207.518494;166150
333;1606780800;1606867199;86399;16449.17;15622.06;15223.0;16685.98;6878.669848;199628
334;1606867200;1606953599;86399;15614.47;15875.87;15244.26;16098.84;4342.231336;164266
335;1606953600;1607039999;86399;15872.2;16039.51;15630.92;16157.8;2851.946242;117364
336;1607040000;1607126399;86399;16039.51;15442.53;15389.52;16108.69;3509.731276;125276
337;1607126400;1607212799;86399;15441.73;15861.21;15322.84;15875.89;1522.27239;70400
338;1607212800;1607299199;86399;15861.05;15987.51;15625.06;16032.74;1411.236252;60948
339;1607299200;1607385599;86399;15987.51;15865.74;15658.4;16030.0;2256.061886;71284
340;1607385600;1607471999;86399;15874.42;15184.12;15080.05;15973.57;3842.635976;108526
341;1607472000;1607558399;86399;15182.72;15405.49;14578.48;15479.97;5088.846812;142840
342;1607558400;1607644799;86399;15404.79;15077.8;14791.41;15412.97;3220.739456;111084
343;1607644800;1607731199;86399;15077.8;14932.52;14563.54;15112.36;4058.648016;135864
344;1607731200;1607817599;86399;14937.4;15577.25;14925.44;15671.03;2269.12474;85996
345;1607817600;1607903999;86399;15577.58;15810.14;15500.99;16039.0;2434.564384;93462
346;1607904000;1607990399;86399;15803.22;15895.85;15678.96;15950.0;2348.130518;171666
347;1607990400;1608076799;86399;15897.37;16028.7;15720.77;16125.97;3437.732356;224646
348;1608076800;1608163199;86399;16028.73;17540.51;15911.9;17676.49;7507.175098;391874
349;1608163200;1608249599;86399;17540.5;18607.29;17451.02;19500.0;13418.355412;629994
350;1608249600;1608335999;86399;18607.18;18903.14;18304.48;19028.48;4984.980012;388056
351;1608336000;1608422399;86399;18902.03;19481.26;18619.0;19700.0;4753.954782;345502
352;1608422400;1608508799;86399;19481.26;19260.07;18889.2;19803.54;4718.663088;365366
353;1608508800;1608595199;86399;19260.28;18618.47;18102.65;19786.11;6148.620302;400150
354;1608595200;1608681599;86399;18622.55;19568.27;18389.78;19583.61;5220.011516;392620
355;1608681600;1608767999;86399;19566.34;19114.72;18659.0;19826.62;6281.45215;440858
356;1608768000;1608854399;86399;19114.73;19530.07;18664.09;19588.59;4043.632632;358134
357;1608854400;1608940799;86399;19529.99;20285.67;19276.05;20325.44;4970.547426;363604
358;1608940800;1609027199;86399;20287.71;21674.7;20111.0;21969.98;6260.98219;390492
359;1609027200;1609113599;86399;21680.4;21379.05;20950.0;23260.0;10295.266268;562746
360;1609113600;1609199999;86399;21374.31;22170.48;21218.18;22500.0;5280.648348;215934
361;1609200000;1609286399;86399;22168.76;22333.22;21200.0;22359.39;5519.83059;243816
362;1609286400;1609372799;86399;22333.59;23456.85;22327.1;23532.06;7239.260716;368786
363;1609372800;1609459199;86399;23454.08;23713.33;22820.0;23879.95;6397.499732;346088
364;1609459200;1609545599;86399;23713.67;24076.03;23501.0;24200.0;3824.28393;273048
365;1609545600;1609631999;86399;24074.83;25925.69;23000.0;26997.76;11284.05479;488824
366;1609632000;1609718399;86399;25925.7;26190.43;25385.8;27999.99;11371.748164;582580
367;1609718400;1609804799;86399;26201.52;26048.4;23000.0;26646.38;12919.710346;640562
368;1609804800;1609891199;86399;26048.4;27655.03;24439.79;28000.0;12356.400776;619632
369;1609891200;1609977599;86399;27660.81;29814.83;27126.67;29966.09;12340.744478;683014
370;1609977600;1610063999;86399;29812.32;32031.01;29568.1;32890.0;14110.419576;780508
371;1610064000;1610150399;86399;32033.41;33035.17;29816.08;34300.0;14984.714264;777820
372;1610150400;1610236799;86399;33035.67;32161.21;31664.23;33681.19;7291.624336;523978
373;1610236800;1610323199;86399;32162.82;30857.14;27419.76;32967.01;11334.22122;605918
374;1610323200;1610409599;86399;30857.14;29165.98;24990.0;30961.6;29875.590482;1351742
375;1610409600;1610495999;86399;29167.44;27937.3;26785.0;30200.0;13874.156322;892368
376;1610496000;1610582399;86399;27945.2;30761.44;26620.0;31124.34;10796.072478;745962
377;1610582400;1610668799;86399;30761.94;32200.0;30325.0;33026.96;9187.420876;632992
378;1610668800;1610755199;86399;32200.0;30449.97;28387.67;32650.0;12184.023776;735764
379;1610755200;1610841599;86399;30449.97;29843.44;29313.3;31460.27;6231.5596;703930
380;1610841600;1610927999;86399;29842.65;29639.72;28102.16;30421.28;5730.693826;708010
381;1610928000;1611014399;86399;29640.51;30319.94;28871.53;31072.25;5756.326864;650618
382;1611014400;1611100799;86399;30319.94;29699.41;29666.08;31227.0;6989.55312;629412
383;1611100800;1611187199;86399;29673.74;29315.42;27708.3;30062.72;8981.04163;639500
384;1611187200;1611273599;86399;29317.37;25395.48;24756.9;29421.59;14694.939914;834236
385;1611273600;1611359999;86399;25366.79;27109.39;23685.6;27892.24;13478.595704;694776
386;1611360000;1611446399;86399;27110.74;26407.37;25888.02;27538.43;6103.036898;469880
387;1611446400;1611532799;86399;26400.67;26551.36;25500.0;27113.05;4727.984006;388074
388;1611532800;1611619199;86399;26552.15;26642.52;26392.68;28759.54;7615.280112;550920
389;1611619200;1611705599;86399;26641.92;26730.49;25443.78;27104.33;7629.392124;584240
390;1611705600;1611791999;86399;26729.04;25159.79;24279.0;26797.16;10092.091152;591140
391;1611792000;1611878399;86399;25159.79;27599.19;24769.02;27899.97;7514.025714;521606
392;1611878400;1611964799;86399;27591.87;28255.22;26430.38;31759.61;21301.51074;852700
393;1611964800;1612051199;86399;28280.71;28289.14;27128.63;28780.02;7741.584674;361248
394;1612051200;1612137599;86399;28287.22;27362.38;26636.44;28334.0;5425.02197;343998
395;1612137600;1612223999;86399;27360.17;27805.75;26720.0;28707.0;6820.246628;562942
396;1612224000;1612310399;86399;27805.73;29498.77;27718.87;29996.08;7030.869332;564096
397;1612310400;1612396799;86399;29498.77;31311.4;29404.59;31333.67;7878.221328;590088
398;1612396800;1612483199;86399;31304.48;30934.66;30229.8;32300.0;8805.441158;663150
399;1612483200;1612569599;86399;30941.23;31873.39;30630.78;31960.39;6505.913114;585318
400;1612569600;1612655999;86399;31883.21;32632.0;31800.0;34115.0;9046.084286;697388
401;1612656000;1612742399;86399;32630.72;32312.79;31083.47;33058.95;8266.247278;667032
402;1612742400;1612828799;86399;32319.77;38599.96;31643.0;38950.0;14627.733964;880850
403;1612828800;1612915199;86399;38598.85;38439.0;37291.68;39999.0;12406.678926;894274
404;1612915200;1613001599;86399;38429.63;37077.26;36069.27;39156.76;10142.088122;804720
405;1613001600;1613087999;86399;37077.26;39634.13;36431.01;40150.0;9406.624566;748820
406;1613088000;1613174399;86399;39634.13;39138.68;38304.32;40400.0;7508.020618;672416
407;1613174400;1613260799;86399;39159.39;39083.49;38380.0;39796.27;5314.201064;577730
408;1613260800;1613347199;86399;39083.49;40242.22;38964.72;41147.88;6065.365608;607096
409;1613347200;1613433599;86399;40236.11;39611.09;38100.0;40539.13;8027.64257;693712
410;1613433600;1613519999;86399;39606.38;40723.1;38910.0;41752.73;8758.562434;729360
411;1613520000;1613606399;86399;40709.91;43377.06;40541.15;43768.58;9038.979476;720306
412;1613606400;1613692799;86399;43377.07;42796.05;42330.0;43673.99;6375.408612;576982
413;1613692800;1613779199;86399;42796.05;46194.34;42156.85;46582.06;9093.767224;682212
414;1613779200;1613865599;86399;46194.34;46198.78;44358.0;47500.0;7159.850886;737404
415;1613865600;1613951999;86399;46198.79;47427.42;45907.32;48200.99;5255.259006;605618
416;1613952000;1614038399;86399;47427.42;44631.17;39080.27;47502.64;17387.616854;1090732
417;1614038400;1614124799;86399;44613.96;40326.34;37000.0;44690.11;25862.277044;1224964
418;1614124800;1614211199;86399;40326.34;40966.73;38744.29;42599.9;10804.84307;870854
419;1614211200;1614297599;86399;40962.04;38843.05;38519.9;42580.0;8633.383736;762048
420;1614297600;1614383999;86399;38845.56;38508.33;36477.82;40081.88;11400.62086;937140
421;1614384000;1614470399;86399;38509.17;38430.09;37522.0;40149.7;5439.52767;619796
422;1614470400;1614556799;86399;38413.61;37421.57;35800.0;38814.6;8097.16506;679526
423;1614556800;1614643199;86399;37433.27;41254.0;37289.12;41400.0;7620.3174;432230
424;1614643200;1614729599;86399;41258.06;40250.57;39030.0;41731.0;6537.604342;379384
425;1614729600;1614815999;86399;40230.47;41909.73;39966.01;43648.69;7031.697662;427654
426;1614816000;1614902399;86399;41925.8;40507.39;39789.0;43042.26;8082.159596;460504
427;1614902400;1614988799;86399;40523.22;40972.71;38911.53;41546.82;7227.117292;414120
428;1614988800;1615075199;86399;40972.7;41054.35;39592.11;41355.12;3783.22151;235672
429;1615075200;1615161599;86399;41054.35;42765.06;41054.35;43151.27;4634.679362;335770
430;1615161600;1615247999;86399;42760.94;44169.2;41600.0;44169.5;5918.54067;587500
431;1615248000;1615334399;86399;44169.2;46175.61;43714.35;46186.98;6309.156204;650814
432;1615334400;1615420799;86399;46168.32;46935.44;44767.4;48171.26;8654.919068;752748
433;1615420800;1615507199;86399;46935.44;48245.38;45558.19;48530.0;7740.950954;699870
434;1615507200;1615593599;86399;48245.38;47800.04;46233.96;48475.11;7595.708242;648800
435;1615593600;1615679999;86399;47800.05;50256.27;46977.0;50986.0;6789.289304;664730
436;1615680000;1615766399;86399;50256.27;49225.61;49225.61;50843.43;4319.424992;541462
437;1615766400;1615852799;86399;49240.7;46757.95;46010.01;50450.0;10926.863448;580970
438;1615852800;1615939199;86399;46757.97;47821.8;44840.79;47843.99;8083.069952;471440
439;1615939200;1616025599;86399;47834.24;49139.11;45604.0;49200.0;7622.412928;444978
440;1616025600;1616111999;86399;49139.11;48473.55;47934.74;50376.4;6966.222136;399498
441;1616112000;1616198399;86399;48473.55;48864.73;47400.0;49950.0;5065.302676;345922
442;1616198400;1616284799;86399;48862.06;48903.96;48699.0;50273.0;4239.792008;291036
443;1616284800;1616371199;86399;48886.76;48375.96;47011.01;49300.88;4440.857034;326518
444;1616371200;1616457599;86399;48379.72;45499.08;45200.0;49108.25;7072.847828;613478
445;1616457600;1616543999;86399;45499.08;45966.89;44572.44;47188.92;6361.473004;583512
446;1616544000;1616630399;86399;45961.63;44416.49;44019.24;48432.0;8000.561884;641260
447;1616630400;1616716799;86399;44408.95;43645.11;42760.21;45248.41;8840.494784;672584
448;1616716800;1616803199;86399;43640.52;46750.85;43580.26;46776.99;5571.476222;482502
449;1616803200;1616889599;86399;46736.59;47354.32;45802.46;47900.0;4026.336882;397078
450;1616889600;1616975999;86399;47353.82;47361.09;46372.28;47933.78;4165.731152;377032
451;1616976000;1617062399;86399;47362.2;48900.09;46632.25;49529.0;6178.606154;337284
452;1617062400;1617148799;86399;48924.11;50150.08;48510.35;50508.78;5518.838488;333978
453;1617148800;1617235199;86399;50160.29;50051.22;48623.0;51000.0;7427.306408;357768
454;1617235200;1617321599;86399;50051.23;49929.11;49345.42;50660.59;5108.22634;309402
455;1617321600;1617407999;86399;49926.22;50123.42;49726.92;50893.63;4219.261074;294098
456;1617408000;1617494399;86399;50123.41;48788.28;48669.49;50635.0;4252.092462;275750
457;1617494400;1617580799;86399;48788.28;49581.49;48302.0;49918.58;3219.310328;243362
458;1617580800;1617667199;86399;49577.65;50006.23;48530.0;50179.62;4106.33072;426254
459;1617667200;1617753599;86399;50006.22;48979.49;48623.0;50226.37;5697.108566;506382
460;1617753600;1617839999;86399;48977.81;47366.99;46893.37;49522.0;8736.579424;634884
461;1617840000;1617926399;86399;47367.48;48818.22;47176.71;48910.4;5247.487618;424010
462;1617926400;1618012799;86399;48817.12;48970.74;48577.26;49555.54;4134.604904;352718
463;1618012800;1618099199;86399;48970.74;50161.53;48778.25;50975.0;6035.838156;487554
464;1618099200;1618185599;86399;50175.89;50394.44;49670.0;50633.66;3770.963644;371574
465;1618185600;1618271999;86399;50389.37;50205.78;49985.0;51480.19;6004.424248;388432
466;1618272000;1618358399;86399;50205.78;53177.79;50164.17;53408.23;8161.151088;520612
467;1618358400;1618444799;86399;53187.44;52642.53;51410.0;54296.81;9053.813504;558252
468;1618444800;1618531199;86399;52635.25;52862.11;51961.63;53404.9;5419.677696;415732
469;1618531200;1618617599;86399;52868.95;51350.23;50195.59;53194.83;7802.470252;615056
470;1618617600;1618703999;86399;51356.61;50594.44;50258.0;52323.16;4325.220144;382696
471;1618704000;1618790399;86399;50594.45;47236.8;44816.78;50868.53;11603.21146;846494
472;1618790400;1618876799;86399;47226.24;46358.25;45424.59;48215.02;7211.144134;609828
473;1618876800;1618963199;86399;46358.26;47015.81;44350.29;47543.85;7401.749326;643300
474;1618963200;1619049599;86399;47015.81;44791.57;44666.0;47254.98;6583.878884;579576
475;1619049600;1619135999;86399;44791.57;43079.79;41900.0;46056.69;11062.09483;761420
476;1619136000;1619222399;86399;43083.52;42426.43;39340.0;43399.08;14489.388026;781054
477;1619222400;1619308799;86399;42418.56;41643.39;40574.62;42451.47;4487.920458;395050
478;1619308800;1619395199;86399;41643.45;40707.41;39000.0;42075.99;4846.709824;313254
479;1619395200;1619481599;86399;40722.53;44797.19;40479.99;45067.49;7946.256852;345438
480;1619481600;1619567999;86399;44785.82;45601.42;44250.0;45969.52;4619.23027;249262
481;1619568000;1619654399;86399;45600.33;45286.29;44682.54;46557.64;5020.952382;266440
482;1619654400;1619740799;86399;45275.19;44266.84;43251.75;45561.49;5022.997942;264334
483;1619740800;1619827199;86399;44262.08;47996.02;43843.14;48184.05;5827.937534;299486
484;1619827200;1619913599;86399;47989.33;48030.35;47414.35;48649.93;3523.800046;234004
485;1619913600;1619999999;86399;48037.06;47131.56;46735.04;48117.76;3039.350638;208296
486;1620000000;1620086399;86399;47131.56;47481.97;46913.41;49050.0;6779.288066;435510
487;1620086400;1620172799;86399;47492.38;44396.51;44288.98;47509.55;9464.467114;596114
488;1620172800;1620259199;86399;44396.38;47800.0;44157.15;48326.78;7320.111926;519090
489;1620259200;1620345599;86399;47794.87;46811.31;46000.0;48497.96;7625.840836;528756
490;1620345600;1620431999;86399;46808.57;47285.74;45924.0;48309.3;7205.736304;502060
491;1620432000;1620518399;86399;47285.85;48525.8;46964.7;49100.0;6392.074804;468670
492;1620518400;1620604799;86399;48526.9;47964.22;46516.53;48842.31;5815.934212;425602
493;1620604800;1620691199;86399;47971.29;46243.17;44290.0;49038.15;9760.624918;514646
494;1620691200;1620777599;86399;46243.13;46825.37;45073.67;46977.74;6957.928908;410158
495;1620777600;1620863999;86399;46821.39;41305.48;40559.67;47883.77;10740.433646;531584
496;1620864000;1620950399;86399;41281.32;41258.66;38926.52;42733.36;18076.005074;761038
497;1620950400;1621036799;86399;41270.93;41172.92;40471.66;42521.58;7645.69516;397178
498;1621036800;1621123199;86399;41175.55;38629.16;38460.83;41808.09;7820.65547;375502
499;1621123200;1621209599;86399;38629.16;38319.43;35734.96;41083.62;12499.196686;506922
500;1621209600;1621295999;86399;38299.31;35882.74;34238.63;38467.58;17692.036562;809134
501;1621296000;1621382399;86399;35882.74;35205.32;34750.0;37703.5;12283.540654;598004
502;1621382400;1621468799;86399;35212.04;30279.5;23741.41;35939.48;43349.491304;1286352
503;1621468800;1621555199;86399;30319.47;33359.97;28554.0;35204.63;27151.484646;1080464
504;1621555200;1621641599;86399;33349.96;30747.21;27697.77;34648.69;28429.429654;993968
505;1621641600;1621727999;86399;30739.55;30895.05;29092.28;32046.21;14856.697146;675128
506;1621728000;1621814399;86399;30894.96;28573.19;25641.05;31537.24;24577.489536;868124
507;1621814400;1621900799;86399;28579.78;31918.73;28347.58;32850.0;19582.842684;635256
508;1621900800;1621987199;86399;31918.74;31367.74;29800.0;32700.0;14867.223756;474134
509;1621987200;1622073599;86399;31367.74;32280.58;30909.21;33421.61;13061.626836;439710
510;1622073600;1622159999;86399;32276.13;31614.95;30616.19;33170.15;9342.737154;361116
511;1622160000;1622246399;86399;31620.66;29349.23;28533.77;31900.48;17504.669546;494804
512;1622246400;1622332799;86399;29348.9;28510.82;27733.33;30677.47;11869.466112;367040
513;1622332800;1622419199;86399;28522.92;29331.47;27538.83;30049.95;6803.012464;243628
514;1622419200;1622505599;86399;29330.33;30460.92;28127.3;30688.38;10431.015236;427596
515;1622505600;1622591999;86399;30466.19;30043.16;29242.0;30984.02;9013.65276;416082
516;1622592000;1622678399;86399;30043.14;30792.11;29400.13;31334.15;7129.495542;348134
517;1622678400;1622764799;86399;30793.14;32394.26;30490.61;32419.92;7342.081304;352526
518;1622764800;1622851199;86399;32394.26;30331.54;29391.04;32425.57;11761.222458;427402
519;1622851200;1622937599;86399;30335.95;29324.32;28758.02;31274.95;9475.784934;340564
520;1622937600;1623023999;86399;29323.95;29495.55;29035.0;30077.69;5170.09588;212218
521;1623024000;1623110399;86399;29500.01;27631.54;27422.0;30315.0;8190.889662;255814
522;1623110400;1623196799;86399;27617.88;27468.94;25481.73;28028.7;14646.230754;422474
523;1623196800;1623283199;86399;27483.74;30735.66;26664.25;30855.0;13738.811824;354816
524;1623283200;1623369599;86399;30739.1;30170.81;29452.75;31600.0;11861.014602;318986
525;1623369600;1623455999;86399;30175.03;30882.86;29559.21;31013.3;8123.368568;245298
526;1623456000;1623542399;86399;30871.15;29430.44;28694.73;30973.03;8176.921528;219458
527;1623542400;1623628799;86399;29432.35;32179.31;28821.81;32531.94;8391.202148;240290
528;1623628800;1623715199;86399;32179.32;33454.62;31992.76;33885.79;9557.847068;399940
529;1623715200;1623801599;86399;33465.77;33148.73;32638.96;34116.39;8501.639596;354838
530;1623801600;1623887999;86399;33140.68;31995.93;31733.24;33413.05;8719.100504;336794
531;1623888000;1623974399;86399;31990.73;32019.75;31433.4;33119.16;7966.122376;300302
532;1623974400;1624060799;86399;32022.87;30289.4;29637.45;32117.78;9216.831182;354966
533;1624060800;1624147199;86399;30285.05;30011.32;29468.4;30783.39;6885.360282;271284
534;1624147200;1624233599;86399;30011.33;29984.39;28220.0;30503.12;9868.438808;343310
535;1624233600;1624319999;86399;29988.98;26545.52;26250.0;30112.88;21654.860676;466618
536;1624320000;1624406399;86399;26555.78;27232.51;24220.0;27938.7;22980.919632;475304
537;1624406400;1624492799;86399;27236.0;28254.88;26584.02;29159.84;11040.803014;265580
538;1624492800;1624579199;86399;28256.31;29054.39;27128.28;29593.5;8394.572196;212256
539;1624579200;1624665599;86399;29063.06;26513.08;26263.17;29736.83;11625.032636;287472
540;1624665600;1624751999;86399;26512.8;27111.8;25372.52;27487.71;11785.600868;276182
541;1624752000;1624838399;86399;27114.19;29095.05;26873.89;29100.0;9116.438568;241126
542;1624838400;1624924799;86399;29082.09;28923.41;28434.26;29581.89;8298.300506;325290
543;1624924800;1625011199;86399;28935.67;30169.5;28715.78;30782.79;9158.396884;369726
544;1625011200;1625097599;86399;30172.69;29556.5;28727.27;30319.23;8092.4986;319616
545;1625097600;1625183999;86399;29556.5;28292.54;27641.26;29565.39;8468.21241;326360
546;1625184000;1625270399;86399;28295.17;28484.38;27631.57;28694.27;6499.11484;283524
547;1625270400;1625356799;86399;28482.22;29201.46;28090.36;29474.23;4040.663058;190156
548;1625356800;1625443199;86399;29195.79;29722.92;28932.38;30287.06;4074.654364;180670
549;1625443200;1625529599;86399;29722.66;28414.28;27952.06;29722.66;6551.61116;199686
550;1625529600;1625615999;86399;28419.53;28950.14;28377.29;29646.04;5553.917988;181708
551;1625616000;1625702399;86399;28950.93;28751.47;28688.51;29659.8;4402.038458;170306
552;1625702400;1625788799;86399;28747.67;27773.14;27134.03;28806.76;6704.472724;211314
553;1625788800;1625875199;86399;27773.13;28503.37;27272.6;28728.29;3682.500768;135382
554;1625875200;1625961599;86399;28505.47;28268.54;27867.37;28873.33;2903.350242;113268
555;1625961600;1626047999;86399;28266.12;28857.07;28112.55;29146.51;2679.573146;112620
556;1626048000;1626134399;86399;28862.65;27945.58;27584.26;29219.34;4104.52481;197896
557;1626134400;1626220799;86399;27941.83;27988.95;27398.02;28207.58;4164.021702;192546
558;1626220800;1626307199;86399;27983.21;28172.11;27083.0;28358.99;4604.671548;218384
559;1626307200;1626393599;86399;28171.96;27347.44;26814.54;28482.91;5048.257922;237672
560;1626393600;1626479999;86399;27347.48;26700.19;26539.64;27476.74;5250.452024;221408
561;1626480000;1626566399;86399;26699.29;26954.11;26517.8;27347.24;2663.25154;160092
562;1626566400;1626652799;86399;26954.1;27191.82;26696.0;27678.55;2750.353698;135410
563;1626652800;1626739199;86399;27191.82;26440.52;26005.17;27334.49;4267.573446;165122
564;1626739200;1626825599;86399;26444.28;25646.44;25165.23;26628.2;6490.557612;219300
565;1626825600;1626911999;86399;25652.34;27590.42;25410.46;28095.14;6638.408228;231452
566;1626912000;1626998399;86399;27596.94;27724.92;27217.89;27875.94;3285.5628;149850
567;1626998400;1627084799;86399;27724.92;28837.53;27470.0;28837.53;3367.505148;153536
568;1627084800;1627171199;86399;28837.53;29386.13;28605.75;29628.7;3634.981396;158488
569;1627171200;1627257599;86399;29387.87;30293.35;29059.35;30300.0;3800.357836;161764
570;1627257600;1627343999;86399;30292.48;31686.9;30140.5;34491.12;15122.131626;572192
571;1627344000;1627430399;86399;31690.18;33678.96;30988.54;33733.0;9168.388892;369822
572;1627430400;1627516799;86399;33674.94;34153.08;33206.56;34857.42;10010.073918;414650
573;1627516800;1627603199;86399;34151.37;33996.25;33520.0;34612.69;5842.347314;280424
574;1627603200;1627689599;86399;33996.26;35710.6;32569.55;35798.12;6862.3814;320438
575;1627689600;1627775999;86399;35710.6;35264.66;34807.98;35870.0;4657.0819;230846
576;1627776000;1627862399;86399;35257.65;34030.17;33710.0;36134.0;5701.571498;281974
577;1627862400;1627948799;86399;34033.95;33361.78;32980.65;34463.64;5596.767092;228368
578;1627948800;1628035199;86399;33361.77;32509.13;32105.0;33881.5;5875.551644;233158
579;1628035200;1628121599;86399;32509.14;33925.05;32007.01;34123.73;4940.549472;211692
580;1628121600;1628207999;86399;33918.77;34902.23;32040.11;35285.51;7225.341444;278554
581;1628208000;1628294399;86399;34899.95;36742.05;34106.0;37182.77;7569.56412;294336
582;1628294400;1628380799;86399;36747.57;38415.2;36544.83;38521.23;7013.09659;294606
583;1628380800;1628467199;86399;38421.79;37877.86;37261.29;39086.24;6212.935174;265158
584;1628467200;1628553599;86399;37855.95;39916.95;36936.0;40106.01;6573.145662;286310
585;1628553600;1628639999;86399;39900.85;39398.2;38644.66;40266.88;4485.67472;212924
586;1628640000;1628726399;86399;39400.65;39505.43;39200.0;40500.01;4206.39271;211462
587;1628726400;1628812799;86399;39505.43;38473.81;37903.64;40041.94;4701.213966;201668
588;1628812800;1628899199;86399;38472.82;40942.36;38329.59;41130.45;3568.997736;168838
589;1628899200;1628985599;86399;40952.21;40391.36;39650.0;41339.99;3468.456626;165046
590;1628985600;1629071999;86399;40395.25;40260.03;39152.45;40576.0;3301.526774;156340
591;1629072000;1629158399;86399;40263.24;39607.08;39345.0;41100.0;3237.820658;170200
592;1629158400;1629244799;86399;39608.21;38735.12;38421.05;40489.99;3186.587294;169828
593;1629244800;1629331199;86399;38720.65;38712.64;38350.12;39771.33;3492.567078;165350
594;1629331200;1629417599;86399;38714.54;40162.69;38174.79;40333.0;3975.014008;174676
595;1629417600;1629503999;86399;40167.33;42192.75;40034.9;42208.52;3712.481026;186092
596;1629504000;1629590399;86399;42193.02;42005.0;41479.14;42735.09;3084.235078;163156
597;1629590400;1629676799;86399;42013.49;42425.85;41505.0;42687.52;2263.49008;125810
598;1629676800;1629763199;86399;42422.74;42552.11;42180.0;43244.94;3142.411984;173288
599;1629763200;1629849599;86399;42548.26;41120.89;41000.0;42813.02;3749.86883;185626
600;1629849600;1629935999;86399;41112.18;42185.6;40683.88;42411.57;3080.625598;156488
601;1629936000;1630022399;86399;42185.11;40442.87;40000.0;42493.68;3559.758824;176794
602;1630022400;1630108799;86399;40442.02;41945.46;40035.39;42086.18;2646.960872;147094
603;1630108800;1630195199;86399;41945.47;41765.1;41354.17;42098.56;1702.47996;114554
604;1630195200;1630281599;86399;41769.23;41809.08;40830.01;42368.42;2360.705398;134002
605;1630281600;1630367999;86399;41808.32;40337.2;40204.75;41895.82;2637.9638;148608
606;1630368000;1630454399;86399;40335.38;40307.58;40065.22;41090.39;3195.09604;175548
607;1630454400;1630540799;86399;40307.89;41519.96;39870.95;41726.54;3740.82077;187120
608;1630540800;1630627199;86399;41524.9;41645.45;41342.06;42563.34;3718.308028;201580
609;1630627200;1630713599;86399;41649.47;42406.27;40905.82;43172.63;4269.476442;220278
610;1630713600;1630799999;86399;42410.59;42384.41;41875.0;42846.08;3123.84476;150282
611;1630800000;1630886399;86399;42388.74;43798.73;42015.0;43913.04;3114.892696;168920
612;1630886400;1630972799;86399;43798.72;44732.29;43292.28;44798.56;3520.111122;201260
613;1630972800;1631059199;86399;44719.86;40350.56;37252.64;44923.31;10064.94051;455072
614;1631059200;1631145599;86399;40362.42;39420.2;38057.88;40743.33;7417.8568;329472
615;1631145600;1631231999;86399;39406.26;39663.97;38918.38;40569.84;4788.94058;223556
616;1631232000;1631318399;86399;39663.02;38311.95;37786.45;40203.13;4435.72228;221500
617;1631318400;1631404799;86399;38305.8;38567.83;38201.56;39240.29;2830.954;152170
618;1631404800;1631491199;86399;38575.91;39253.82;38224.65;39590.0;3261.21982;160626
619;1631491200;1631577599;86399;39255.84;38351.79;37220.4;40057.22;5881.402746;226412
620;1631577600;1631663999;86399;38359.59;40207.74;38100.57;40319.07;3377.50812;163636
621;1631664000;1631750399;86399;40188.01;40923.26;39827.2;41217.95;3398.78218;160812
622;1631750400;1631836799;86399;40921.64;40676.57;40073.37;41250.65;3646.76956;168788
623;1631836800;1631923199;86399;40679.29;40395.1;39950.42;41014.87;2817.76078;153424
624;1631923200;1632009599;86399;40407.96;41263.8;40189.33;41704.7;2634.55044;156814
625;1632009600;1632095999;86399;41261.94;40432.04;40100.27;41323.3;2379.5549;140888
626;1632096000;1632182399;86399;40434.07;36928.25;36460.49;40515.38;8461.984252;338610
627;1632182400;1632268799;86399;36927.07;35013.59;34000.0;37487.17;9309.886494;351184
628;1632268800;1632355199;86399;35013.58;37513.69;34876.06;37739.04;5961.19024;232178
629;1632355200;1632441599;86399;37506.4;38478.17;37110.39;38574.05;5830.49076;220490
630;1632441600;1632527999;86399;38476.7;36792.51;34911.4;38716.75;9107.57098;327652
631;1632528000;1632614399;86399;36810.01;36665.38;35800.0;36928.56;4232.49226;192320
632;1632614400;1632700799;86399;36664.27;37030.52;35077.0;37667.08;5731.08222;241748
633;1632700800;1632787199;86399;37025.52;36177.02;36127.81;38036.35;4018.18826;174664
634;1632787200;1632873599;86399;36179.49;35368.22;35250.0;36726.32;5240.98812;195390
635;1632873600;1632959999;86399;35365.22;35919.88;35125.06;36631.67;3732.72948;156034
636;1632960000;1633046399;86399;35919.48;37895.64;35823.86;38150.0;4834.04746;182878
637;1633046400;1633132799;86399;37898.99;41496.51;37439.17;41784.72;6977.376402;262610
638;1633132800;1633219199;86399;41509.16;40942.41;40900.0;41636.0;2715.1358;138180
639;1633219200;1633305599;86399;40963.47;41420.67;40485.36;42345.81;2866.26656;142582
640;1633305600;1633391999;86399;41420.62;42304.47;40384.17;42506.32;3976.4895;192928
641;1633392000;1633478399;86399;42307.16;44143.2;42162.3;44670.86;3890.03478;214072
642;1633478400;1633564799;86399;44154.21;47454.52;43384.0;47790.11;5725.27413;285924
643;1633564800;1633651199;86399;47455.22;46113.01;45765.62;47469.68;4993.41948;221670
644;1633651200;1633737599;86399;46113.01;46329.72;45975.61;48035.42;4867.008898;200244
645;1633737600;1633823999;86399;46328.59;47283.35;46084.87;47650.0;2545.1136;127620
646;1633824000;1633910399;86399;47283.35;47321.16;46592.43;48806.18;3691.072418;159464
647;1633910400;1633996799;86399;47309.11;49822.04;47118.56;50073.84;4140.45637;197782
648;1633996800;1634083199;86399;49822.03;48695.75;46800.0;50020.72;4512.91182;203314
649;1634083200;1634169599;86399;48672.96;49469.32;47163.39;49843.76;3771.33696;175868
650;1634169600;1634255999;86399;49465.73;49416.55;48932.21;50425.27;2830.480572;157282
651;1634256000;1634342399;86399;49418.96;53062.75;49005.49;54100.0;6321.372252;294418
652;1634342400;1634428799;86399;53052.99;52368.45;51734.45;53646.72;3727.45346;161326
653;1634428800;1634515199;86399;52367.26;53003.85;50835.0;53170.38;3469.80862;152762
654;1634515200;1634601599;86399;53008.09;53537.36;51696.2;54056.75;4614.75026;205664
655;1634601600;1634687999;86399;53540.02;55270.64;52790.0;55434.68;4637.497998;223046
656;1634688000;1634774399;86399;55272.69;56328.76;54588.98;57540.07;4346.803178;234494
657;1634774400;1634860799;86399;56323.24;53469.78;53018.92;57087.49;6479.563;308556
658;1634860800;1634947199;86399;53462.62;52305.84;51663.34;54786.1;3807.14856;211776
659;1634947200;1635033599;86399;52301.38;52808.06;51450.0;53195.94;2569.1068;149674
660;1635033600;1635119999;86399;52808.06;52445.33;51309.38;52975.32;3595.48676;171026
661;1635120000;1635206399;86399;52435.99;54400.55;52263.55;54947.92;3078.96128;171514
662;1635206400;1635292799;86399;54400.77;52165.44;51750.24;54570.83;3564.97372;177388
663;1635292800;1635379199;86399;52175.65;50562.71;50264.99;53157.89;7076.04502;283650
664;1635379200;1635465599;86399;50566.23;51960.07;49670.16;53595.0;5806.2632;256700
665;1635465600;1635551999;86399;51945.9;53771.28;51640.25;54300.0;4116.36936;193792
666;1635552000;1635638399;86399;53771.28;53684.45;52760.42;54044.72;2799.29746;145076
667;1635638400;1635724799;86399;53674.39;53226.59;52052.06;54139.05;3162.92022;153430
668;1635724800;1635811199;86399;53228.92;52770.44;51650.0;54227.09;3795.89528;191104
669;1635811200;1635897599;86399;52767.68;54651.83;52542.0;55500.0;3429.15932;200392
670;1635897600;1635983999;86399;54640.27;54248.77;52355.0;54867.11;3476.38816;203040
671;1635984000;1636070399;86399;54241.26;53222.24;52602.51;54426.97;3550.45038;178108
672;1636070400;1636156799;86399;53218.73;53057.65;52747.77;54288.53;2900.19778;160848
673;1636156800;1636243199;86399;53052.68;53427.94;52338.83;53533.09;3211.56062;141730
674;1636243200;1636329599;86399;53423.01;55061.3;53318.23;55067.39;3036.2598;146292
675;1636329600;1636415999;86399;55061.31;58301.0;55061.31;58543.99;4838.197974;248340
676;1636416000;1636502399;86399;58300.99;57938.47;57281.1;59165.45;4037.599516;221256
677;1636502400;1636588799;86399;57944.01;56700.0;55003.43;59744.44;6425.37355;288174
678;1636588800;1636675199;86399;56697.79;56892.1;55975.76;57408.03;3274.04912;182920
679;1636675200;1636761599;86399;56890.08;56274.32;54625.26;57419.68;4847.79336;208744
680;1636761600;1636847999;86399;56267.86;56576.66;55612.88;57095.29;3105.58638;127478
681;1636848000;1636934399;86399;56574.99;57587.65;55907.45;57587.65;4180.54786;140372
682;1636934400;1637020799;86399;57587.64;56076.24;55896.14;58131.97;3594.33178;172506
683;1637020800;1637107199;86399;56078.33;53248.24;51721.01;56080.61;7830.51506;312012
684;1637107200;1637193599;86399;53220.85;53473.12;51667.27;53849.99;5332.05712;209216
685;1637193600;1637279999;86399;53477.88;50094.59;49782.59;53988.0;6113.26752;234556
686;1637280000;1637366399;86399;50098.39;51535.38;48990.0;51638.45;5282.47734;207186
687;1637366400;1637452799;86399;51537.14;53108.86;51071.79;53233.84;3276.64678;143744
688;1637452800;1637539199;86399;53117.39;52074.81;52002.34;53401.18;2753.12988;114992
689;1637539200;1637625599;86399;52086.86;50106.71;49552.98;52700.01;4627.3536;178928
690;1637625600;1637711999;86399;50100.0;51172.52;49207.0;51450.0;3809.7534;166414
691;1637712000;1637798399;86399;51176.74;51074.89;49912.9;51377.74;3326.90964;155442
692;1637798400;1637884799;86399;51074.47;52598.85;50858.06;52939.48;3171.2575;167922
693;1637884800;1637971199;86399;52612.72;47674.87;47474.33;52782.72;6655.58188;276376
694;1637971200;1638057599;86399;47672.64;48626.2;47552.64;49054.58;2584.14594;134166
695;1638057600;1638143999;86399;48603.44;50843.04;47253.1;50988.24;3111.18822;143306
696;1638144000;1638230399;86399;50843.91;51205.08;50306.8;52319.95;3749.33312;163066
697;1638230400;1638316799;86399;51200.07;50251.02;49480.32;51951.14;5646.74158;217768
698;1638316800;1638403199;86399;50297.8;50562.85;50000.0;52135.14;4404.33194;179636
699;1638403200;1638489599;86399;50564.04;50037.85;49311.54;50720.99;4329.0845;183356
700;1638489600;1638575999;86399;50037.79;47513.61;45934.0;50981.5;5986.11542;244504
701;1638576000;1638662399;86399;47507.74;43942.51;38444.0;47737.56;12853.49078;462394
702;1638662400;1638748799;86399;43939.26;43775.03;42450.37;44390.82;5868.4723;215140
703;1638748800;1638835199;86399;43779.3;44783.91;41816.29;45171.13;6820.9914;233478
704;1638835200;1638921599;86399;44778.84;44930.02;44451.44;46213.44;3635.61454;154656
705;1638921600;1639007999;86399;44941.61;44550.17;43166.37;45304.99;3679.63536;161514
706;1639008000;1639094399;86399;44558.41;42144.21;41964.7;44842.33;4172.54562;172018
707;1639094400;1639180799;86399;42140.12;41805.66;41540.6;44448.46;5231.07734;188356
708;1639180800;1639267199;86399;41781.82;43782.75;41431.33;43875.44;3412.38684;142972
709;1639267200;1639353599;86399;43799.99;44311.87;43158.43;44947.13;3059.10538;134446
710;1639353600;1639439999;86399;44309.88;41440.43;40567.09;44421.22;6008.21462;231660
711;1639440000;1639526399;86399;41465.35;42997.17;41101.06;43259.76;4588.7379;199874
712;1639526400;1639612799;86399;42991.66;43253.95;41384.67;43845.27;5219.59154;207134
713;1639612800;1639699199;86399;43263.51;42051.07;41957.95;43800.0;3327.71902;155042
714;1639699200;1639785599;86399;42061.31;41049.14;40282.16;42379.99;4333.82296;188364
715;1639785600;1639871999;86399;41050.42;41702.15;40509.0;42144.42;2646.6436;127366
716;1639872000;1639958399;86399;41707.86;41517.04;41355.1;42972.89;3003.69968;132828
717;1639958400;1640044799;86399;41520.2;41590.4;40380.5;42144.69;3687.06118;156192
718;1640044800;1640131199;86399;41590.4;43328.59;41372.2;43696.74;3535.7065;155010
719;1640131200;1640217599;86399;43322.64;42949.99;42800.78;43957.78;2741.09312;123366
720;1640217600;1640303999;86399;42951.24;44869.9;42392.53;45352.23;3822.19614;147412
721;1640304000;1640390399;86399;44884.67;44991.58;44585.09;45849.99;3132.89646;127358
722;1640390400;1640476799;86399;44991.51;44662.54;44493.08;45314.14;2341.4986;93512
723;1640476800;1640563199;86399;44656.94;44898.4;43719.93;45392.7;2939.38024;109538
724;1640563200;1640649599;86399;44904.39;44800.01;44616.01;46010.55;3095.77772;132058
725;1640649600;1640735999;86399;44790.3;42089.52;41869.74;44796.08;4989.05684;167120
726;1640736000;1640822399;86399;42100.75;40951.77;40651.04;42613.14;4014.9671;193950
727;1640822400;1640908799;86399;40953.63;41655.06;40510.07;42341.13;3429.65486;174064
728;1640908800;1640995199;86399;41654.89;40643.6;40153.55;42938.58;3636.2756;120902
729;1640995200;1641081599;86399;40634.64;42051.25;40634.36;42235.64;2414.23726;88836
730;1641081600;1641167999;86399;42046.63;41629.29;41081.62;42245.31;2607.00962;95198
731;1641168000;1641254399;86399;41631.48;41095.76;40480.01;41896.21;3658.1357;121050
732;1641254400;1641340799;86399;41110.0;40643.21;40356.66;42113.88;3414.41974;126222
733;1641340800;1641427199;86399;40642.89;38491.06;37671.58;41644.41;5469.82758;187980
734;1641427200;1641513599;86399;38495.25;38175.62;37576.14;38794.52;4628.54418;172490
735;1641513600;1641599999;86399;38178.91;36619.77;35854.5;38233.64;6551.1563;220662
736;1641600000;1641686399;86399;36634.41;36764.16;35743.64;37336.98;3882.43372;158420
737;1641686400;1641772799;86399;36764.95;36937.05;36339.44;37748.27;2976.9774;111836
738;1641772800;1641859199;86399;36938.23;36936.32;35154.79;37262.05;5413.363;201582
739;1641859200;1641945599;86399;36946.41;37650.03;36467.2;37992.08;4029.46026;160368
740;1641945600;1642031999;86399;37652.6;38468.05;37391.96;38798.27;3605.3776;155716
741;1642032000;1642118399;86399;38466.37;37188.05;36947.58;38750.0;3420.80632;141946
742;1642118400;1642204799;86399;37184.47;37795.46;36477.88;38122.15;3070.52556;128496
743;1642204800;1642291199;86399;37790.01;37817.25;37378.5;38432.66;1980.81804;93980
744;1642291200;1642377599;86399;37812.05;37789.85;37400.0;38139.85;1755.73682;90382
745;1642377600;1642463999;86399;37790.42;37061.58;36519.56;37887.97;2921.99024;117718
746;1642464000;1642550399;86399;37066.36;37431.28;36353.11;37705.84;3693.87518;142738
747;1642550400;1642636799;86399;37430.39;36781.14;36333.9;37575.66;4003.58568;150460
748;1642636800;1642723199;86399;36777.11;36008.93;35920.17;38371.34;4772.26644;194774
749;1642723200;1642809599;86399;36005.17;32231.29;31327.41;36368.77;9637.083076;303532
750;1642809600;1642895999;86399;32228.12;31038.61;30017.04;32544.51;7700.329816;236480
751;1642896000;1642982399;86399;31052.04;32049.79;30620.21;32246.47;4664.7205;177120
752;1642982400;1643068799;86399;32037.05;32433.33;29195.12;33199.55;7856.102522;240162
753;1643068800;1643155199;86399;32431.0;32740.59;31605.29;33291.72;4141.6829;179336
754;1643155200;1643241599;86399;32744.67;32809.65;32328.79;34500.0;5281.95008;210496
755;1643241600;1643327999;86399;32806.22;33378.79;31664.99;33416.79;4250.81594;174046
756;1643328000;1643414399;86399;33363.23;33907.38;32500.24;34144.96;3439.8351;156052
757;1643414400;1643500799;86399;33900.28;34350.0;33555.01;34838.73;2345.06678;121970
758;1643500800;1643587199;86399;34340.88;34027.34;33615.25;34521.42;2077.26438;110770
759;1643587200;1643673599;86399;34022.36;34270.65;32887.1;34508.33;3883.24782;160680
760;1643673600;1643759999;86399;34270.64;34384.39;33787.01;34967.64;4203.28058;182926
761;1643760000;1643846399;86399;34375.21;32733.44;32471.52;34517.99;3691.77386;159432
762;1643846400;1643932799;86399;32737.97;32661.22;31729.68;32906.94;3879.4269;159320
763;1643932800;1644019199;86399;32661.62;36358.72;32373.89;36475.03;5815.12206;220340
764;1644019200;1644105599;86399;36354.8;36180.55;35784.62;36649.99;2830.14524;146730
765;1644105600;1644191999;86399;36180.55;37026.95;35963.51;37277.73;2534.53184;127760
766;1644192000;1644278399;86399;37033.04;38360.21;36383.46;39030.59;4685.77992;210152
767;1644278400;1644364799;86399;38372.4;38629.02;37401.0;39876.53;6358.24024;221876
768;1644364800;1644451199;86399;38632.22;38909.14;37767.23;39223.54;3480.87286;157868
769;1644451200;1644537599;86399;38909.13;38138.03;37941.88;39928.33;5605.7967;240408
770;1644537600;1644623999;86399;38148.41;37380.4;37000.94;38590.0;4315.78036;173216
771;1644624000;1644710399;86399;37375.22;37246.7;36824.41;37948.99;2282.46984;111788
772;1644710400;1644796799;86399;37252.13;37053.38;36957.5;37753.31;2022.48148;98768
773;1644796800;1644883199;86399;37059.64;37647.37;36625.38;37910.34;3696.41286;154056
774;1644883200;1644969599;86399;37655.27;39221.43;37550.01;39403.02;3202.83756;147784
775;1644969600;1645055999;86399;39223.78;38588.38;38161.31;39238.39;2726.96632;127740
776;1645056000;1645142399;86399;38587.03;35685.81;35279.46;38846.18;4216.22894;183628
777;1645142400;1645228799;86399;35688.71;35355.89;34850.42;36063.79;4058.48156;163950
778;1645228800;1645315199;86399;35355.89;35443.96;35052.67;35777.2;1342.59694;84808
779;1645315200;1645401599;86399;35442.69;33919.03;33571.32;35482.09;2522.412;124444
780;1645401600;1645487999;86399;33932.03;32766.06;32563.13;34785.61;4737.21412;168914
781;1645488000;1645574399;86399;32761.55;33774.86;32189.54;33963.6;3952.5245;132898
782;1645574400;1645660799;86399;33786.02;32960.15;32800.0;34592.88;2973.93896;114854
783;1645660800;1645747199;86399;32972.69;34203.36;30585.79;35533.87;9132.17974;258106
784;1645747200;1645833599;86399;34197.11;34826.82;34029.4;35406.35;3453.03438;128470
785;1645833600;1645919999;86399;34839.78;34753.18;34282.8;35747.79;1545.41938;75644
786;1645920000;1646006399;86399;34751.07;33758.19;33200.01;35394.45;3166.48616;113058
787;1646006400;1646092799;86399;33757.25;38500.0;33504.93;39358.0;5033.82792;168482
788;1646092800;1646179199;86399;38500.0;39951.11;38275.12;40298.61;4350.49502;161032
789;1646179200;1646265599;86399;39957.95;39509.38;39061.88;40892.36;3484.35918;125986
790;1646265600;1646351999;86399;39502.65;38384.16;37824.26;39804.88;3276.93976;109914
791;1646352000;1646438399;86399;38367.39;35868.77;35350.4;38445.16;3816.57542;126686
792;1646438400;1646524799;86399;35874.91;36097.09;35349.11;36299.97;1372.66386;58790
793;1646524800;1646611199;86399;36104.54;35335.78;34935.48;36368.47;2504.5959;80908
794;1646611200;1646697599;86399;35338.15;35000.18;34283.59;36410.0;4144.03502;130214
795;1646697600;1646783999;86399;34995.21;35543.28;34892.5;36017.92;3874.49412;115648
796;1646784000;1646870399;86399;35548.35;37894.29;35483.89;38780.83;3860.11094;124672
797;1646870400;1646956799;86399;37895.89;35841.5;34883.49;38015.17;4782.35016;133034
798;1646956800;1647043199;86399;35820.43;35548.72;34800.0;36547.92;4099.33118;126020
799;1647043200;1647129599;86399;35537.02;35658.43;35473.18;36230.0;1385.847;71398
800;1647129600;1647215999;86399;35647.9;34700.0;34555.0;36111.88;2279.87272;87244
801;1647216000;1647302399;86399;34705.92;36301.74;34512.04;36529.58;3800.78708;138616
802;1647302400;1647388799;86399;36300.77;35868.27;34773.07;36460.0;3777.0429;134118
803;1647388800;1647475199;86399;35866.36;37323.74;35464.39;37984.79;6257.4749;176494
804;1647475200;1647561599;86399;37322.11;36927.85;36500.0;37567.81;2443.23338;103302
805;1647561600;1647647999;86399;36924.14;37866.58;36273.93;38336.67;3229.77296;124290
806;1647648000;1647734399;86399;37859.61;38230.29;37620.6;38403.44;2062.58618;93340
807;1647734400;1647820799;86399;38233.04;37423.47;37075.2;38310.17;1929.20516;85260
808;1647820800;1647907199;86399;37427.62;37247.99;36686.35;37669.63;2781.99638;110438
809;1647907200;1647993599;86399;37245.31;38450.17;37152.36;39427.0;4244.48764;145462
810;1647993600;1648079999;86399;38449.51;38978.99;37903.91;39115.0;2872.66588;106928
811;1648080000;1648166399;86399;38999.9;39999.58;38825.64;40278.19;3934.62852;137136
812;1648166400;1648252799;86399;40001.2;40377.56;39599.0;40969.69;3643.40646;129186
813;1648252800;1648339199;86399;40397.67;40605.15;40188.75;40845.1;1291.52398;66076
814;1648339200;1648425599;86399;40605.15;42665.67;40529.12;42757.71;2288.5269;103570
815;1648425600;1648511999;86399;42660.21;42893.96;42509.51;43937.93;3361.6114;147970
816;1648512000;1648598399;86399;42897.36;42812.23;42380.3;43485.6;3149.1766;120938
817;1648598400;1648684799;86399;42804.11;42193.91;41890.0;42882.08;2540.84422;106212
818;1648684800;1648771199;86399;42194.91;41157.53;40895.21;42911.19;3114.73226;128822
819;1648771200;1648857599;86399;41158.54;41969.19;39972.65;42371.1;3932.32588;147052
820;1648857600;1648943999;86399;41966.26;41521.4;41354.5;42759.72;2029.80216;98466
821;1648944000;1649030399;86399;41519.06;42060.39;41279.05;42979.12;1864.28098;93468
822;1649030400;1649116799;86399;42060.39;42469.93;41179.7;42785.72;2872.29122;123040
823;1649116800;1649203199;86399;42478.91;41759.48;41648.33;43065.11;2361.51668;115532
824;1649203200;1649289599;86399;41757.4;39666.47;39615.61;41838.18;3400.39158;149464
825;1649289600;1649375999;86399;39639.84;40004.15;39283.23;40279.72;3044.1823;135492
826;1649376000;1649462399;86399;39989.44;38932.68;38793.64;40486.94;3179.13254;138606
827;1649462400;1649548799;86399;38911.41;39380.42;38813.06;39421.38;1013.85388;82538
828;1649548800;1649635199;86399;39389.78;38771.65;38500.0;39877.68;1634.51982;100140
829;1649635200;1649721599;86399;38769.72;36345.94;36058.04;38983.26;3509.97774;167454
830;1649721600;1649807999;86399;36355.89;37052.67;36190.63;37517.94;4144.79028;159712
831;1649808000;1649894399;86399;37055.36;37803.86;36600.34;38234.34;3084.7747;136674
832;1649894400;1649980799;86399;37798.43;36957.95;36613.09;38205.95;3092.12626;124650
833;1649980800;1650067199;86399;36956.11;37629.8;36803.75;37851.8;2200.56952;99886
834;1650067200;1650153599;86399;37629.78;37431.57;37081.49;37762.73;1506.92296;79254
835;1650153600;1650239999;86399;37433.5;36752.52;36642.48;37639.58;1722.11782;82914
836;1650240000;1650326399;86399;36748.49;37961.76;35769.22;38288.99;4260.4112;152622
837;1650326400;1650412799;86399;37959.86;38499.95;37629.32;38777.0;3829.35714;144614
838;1650412800;1650499199;86399;38498.66;38163.85;37770.9;39021.54;3835.701;161702
839;1650499200;1650585599;86399;38163.9;37433.59;36800.0;39479.64;4228.49344;194928
840;1650585600;1650671999;86399;37428.58;36855.79;36362.89;37786.99;4003.87688;180472
841;1650672000;1650758399;86399;36855.79;36603.44;36466.69;37099.0;1547.02338;105236
842;1650758400;1650844799;86399;36603.37;36535.14;36168.0;37078.13;1972.26064;110100
843;1650844800;1650931199;86399;36535.14;37757.49;35625.01;37919.99;4689.27866;194204
844;1650931200;1651017599;86399;37755.76;35878.64;35469.38;38198.09;4356.50734;185246
845;1651017600;1651103999;86399;35868.8;37170.75;35630.73;37420.99;4177.91702;185468
846;1651104000;1651190399;86399;37170.87;37853.58;37005.38;38422.44;4901.23534;215558
847;1651190400;1651276799;86399;37853.57;36627.58;36100.0;37941.49;4566.19812;204830
848;1651276800;1651363199;86399;36629.41;35803.01;35750.01;36820.73;1946.07788;128586
849;1651363200;1651449599;86399;35805.1;36493.91;35569.11;36749.98;2423.913;135624
850;1651449600;1651535999;86399;36486.07;36667.64;36292.77;37263.15;3923.10884;188558
851;1651536000;1651622399;86399;36667.64;35908.54;35682.67;36789.4;3361.04196;173660
852;1651622400;1651708799;86399;35908.62;37388.35;35841.15;37719.99;4460.16566;198038
853;1651708800;1651795199;86399;37388.36;34720.17;33887.64;37557.99;5712.50632;229520
854;1651795200;1651881599;86399;34721.21;34189.33;33390.69;34831.45;6280.83228;230420
855;1651881600;1651967999;86399;34190.2;33682.35;33038.1;34312.99;2802.89004;150954
856;1651968000;1652054399;86399;33683.41;32349.25;32013.77;33724.18;4312.24086;193304
857;1652054400;1652140799;86399;32363.3;28477.15;28469.18;33998.0;10326.590434;317918
858;1652140800;1652227199;86399;28504.81;29507.44;28200.0;30932.72;9716.534094;294010
859;1652227200;1652313599;86399;29492.35;27574.26;26325.29;30463.07;12036.568192;351410
860;1652313600;1652399999;86399;27548.13;27895.1;22819.78;28776.31;17172.524048;450298
861;1652400000;1652486399;86399;27898.27;28135.74;27635.41;29865.58;6775.57028;191204
862;1652486400;1652572799;86399;28137.66;28935.35;27515.41;29165.42;2803.1999;116124
863;1652572800;1652659199;86399;28948.46;30130.42;28358.95;30249.99;2738.8158;100808
864;1652659200;1652745599;86399;30125.98;28615.57;27901.01;30132.48;5890.89216;161300
865;1652745600;1652831999;86399;28615.07;28852.03;27961.91;29341.73;4653.21426;139594
866;1652832000;1652918399;86399;28853.48;27413.33;27352.64;29068.59;5329.56756;168262
867;1652918400;1653004799;86399;27391.16;28646.1;27346.94;28824.31;5281.95588;160232
868;1653004800;1653091199;86399;28645.11;27656.63;27225.34;29048.0;5223.15752;170616
869;1653091200;1653177599;86399;27656.63;27869.46;27420.02;28074.44;1660.99186;77534
870;1653177600;1653263999;86399;27869.6;28651.89;27700.02;28833.31;3253.07;134796
871;1653264000;1653350399;86399;28648.55;27241.85;27028.71;28916.0;5876.9929;207798
872;1653350400;1653436799;86399;27247.97;27631.89;26727.99;27792.16;4754.83718;141690
873;1653436800;1653523199;86399;27631.76;27644.54;27513.37;28191.59;4136.48336;135584
874;1653523200;1653609599;86399;27644.53;27211.76;26211.77;27924.28;6207.79296;182082
875;1653609600;1653695999;86399;27202.59;26652.74;26355.41;27379.89;5552.9376;177568
876;1653696000;1653782399;86399;26664.45;27066.95;26569.39;27275.0;1757.9691;87040
877;1653782400;1653868799;86399;27066.94;27462.94;26890.0;27565.61;1933.73086;88698
878;1653868800;1653955199;86399;27464.05;29466.28;27301.92;29875.89;5538.1967;175304
879;1653955200;1654041599;86399;29464.68;29616.68;29185.2;30189.85;4822.89418;186438
880;1654041600;1654127999;86399;29623.86;27974.43;27537.03;29795.0;5157.52388;179042
881;1654128000;1654214399;86399;27979.59;28333.25;27642.52;28554.68;4338.41002;162262
882;1654214400;1654300799;86399;28331.83;27714.91;27305.49;28540.6;4247.03154;163098
883;1654300800;1654387199;86399;27716.41;27891.11;27525.47;28005.0;1507.61092;89054
884;1654387200;1654473599;86399;27890.0;27906.45;27584.93;28400.0;1957.56352;96100
885;1654473600;1654559999;86399;27906.45;29348.8;27871.85;29676.07;4644.9985;175798
886;1654560000;1654646399;86399;29348.64;29074.65;27375.1;29480.0;7303.90678;240100
887;1654646400;1654732799;86399;29077.24;28184.97;27924.27;29254.63;5547.12338;185824
888;1654732800;1654819199;86399;28186.36;28340.11;27914.44;28646.9;4662.86428;169430
889;1654819200;1654905599;86399;28340.11;27667.01;27447.53;28545.31;5357.78704;196174
890;1654905600;1654991999;86399;27664.3;27049.36;26767.47;27998.91;3307.40318;139998
891;1654992000;1655078399;86399;27056.29;25337.45;25309.01;27166.96;4948.77798;176162
892;1655078400;1655164799;86399;25316.38;21628.26;21100.0;25608.13;14793.794654;367318
893;1655164800;1655251199;86399;21608.37;21194.09;20050.7;22381.49;15084.91298;412168
894;1655251200;1655337599;86399;21217.97;21603.65;19194.0;21842.44;17369.729408;407556
895;1655337600;1655423999;86399;21606.69;19375.54;19210.0;21985.0;8311.69502;181100
896;1655424000;1655510399;86399;19373.34;19523.33;19228.0;20333.75;5732.55756;135354
897;1655510400;1655596799;86399;19522.86;18154.18;16850.0;19810.1;12604.003502;308102
898;1655596800;1655683199;86399;18153.18;19646.83;17191.35;19888.13;9502.78862;284302
899;1655683200;1655769599;86399;19645.07;19541.66;18746.23;20000.0;7736.48968;277152
900;1655769600;1655855999;86399;19542.71;19674.15;19308.32;20563.41;5981.128704;158984
901;1655856000;1655942399;86399;19680.14;18911.57;18710.0;19772.47;5902.05304;125124
902;1655942400;1656028799;86399;18910.61;20054.52;18818.76;20156.35;4216.57412;97484
903;1656028800;1656115199;86399;20055.67;20115.31;19676.91;20416.99;4294.35918;113488
904;1656115200;1656201599;86399;20128.66;20383.52;19840.0;20496.98;1912.8514;55216
905;1656201600;1656287999;86399;20386.17;19917.27;19859.41;20760.86;2492.70212;70318
906;1656288000;1656374399;86399;19915.41;19574.45;19366.09;20350.0;4033.9925;101014
907;1656374400;1656460799;86399;19587.93;19257.21;19191.0;20058.28;3496.69698;87334
908;1656460800;1656547199;86399;19253.85;19230.09;18863.66;19550.0;3862.9971;102140
909;1656547200;1656633599;86399;19240.34;19054.98;17785.98;19286.09;5451.89904;155004
910;1656633600;1656719999;86399;19060.51;18477.19;18152.0;19936.32;6145.78554;166196
911;1656720000;1656806399;86399;18476.96;18463.72;18219.59;18664.01;2095.2782;78814
912;1656806400;1656892799;86399;18466.73;18510.15;18011.5;18849.0;2607.22618;90356
913;1656892800;1656979199;86399;18510.21;19382.55;18255.34;19485.71;4028.15334;118758
914;1656979200;1657065599;86399;19382.82;19643.0;18740.78;20174.58;4918.06436;144902
915;1657065600;1657151999;86399;19635.94;20169.85;19231.72;20277.7;4183.20492;122058
916;1657152000;1657238399;86399;20170.88;21247.33;19831.61;21486.06;4478.56844;138592
917;1657238400;1657324799;86399;21252.72;21201.06;20901.0;22012.0;6521.2587;201860
918;1657324800;1657411199;86399;21207.97;21214.07;20950.01;21574.52;3322.3236;84204
919;1657411200;1657497599;86399;21209.24;20514.69;20275.97;21221.6;3497.84392;90814
920;1657497600;1657583999;86399;20520.05;19864.33;19789.47;20618.18;3577.42904;124736
921;1657584000;1657670399;86399;19863.77;19264.35;19180.0;20025.48;5080.61196;184750
922;1657670400;1657756799;86399;19269.46;20170.5;18900.0;20223.49;6232.00298;187538
923;1657756800;1657843199;86399;20168.33;20512.39;19617.67;20833.24;4335.69874;127320
924;1657843200;1657929599;86399;20514.86;20656.76;20321.14;21020.85;3524.11618;111850
925;1657929600;1658015999;86399;20648.49;21000.57;20307.92;21400.0;2452.2093;83364
926;1658016000;1658102399;86399;20996.17;20584.47;20543.89;21479.3;1978.68356;75952
927;1658102400;1658188799;86399;20581.98;22109.72;20554.48;22410.11;5289.85296;189664
928;1658188800;1658275199;86399;22124.02;22873.64;21185.4;23289.0;7959.1368;250596
929;1658275200;1658361599;86399;22868.55;22813.8;22392.0;23818.03;6229.03704;182170
930;1658361600;1658447999;86399;22804.63;22659.1;21959.0;23008.0;5696.00252;190358
931;1658448000;1658534399;86399;22664.82;22253.26;22040.97;23293.55;4651.21484;133442
932;1658534400;1658620799;86399;22246.04;22012.15;21532.6;22551.37;1958.74166;72742
933;1658620800;1658707199;86399;22018.82;22147.67;21820.22;22534.58;1792.11338;71056
934;1658707200;1658793599;86399;22145.5;20860.5;20814.24;22234.34;3663.29878;114864
935;1658793600;1658879999;86399;20863.14;20993.01;20387.67;21042.56;3201.094;92990
936;1658880000;1658966399;86399;20996.14;22486.98;20761.06;22656.26;5381.6645;138606
937;1658966400;1659052799;86399;22490.61;23396.16;22248.54;23750.0;5089.16032;170748
938;1659052800;1659139199;86399;23402.17;23260.0;23053.69;23850.0;4349.87146;132338
939;1659139200;1659225599;86399;23266.56;23170.61;23035.76;24149.98;2948.44138;97128
940;1659225600;1659311999;86399;23170.61;22854.54;22764.23;23677.71;2311.19944;74486
941;1659312000;1659398399;86399;22846.22;22694.3;22314.62;22954.66;3282.5695;112898
942;1659398400;1659484799;86399;22696.37;22635.57;22151.35;23019.75;3554.64918;137452
943;1659484800;1659571199;86399;22646.26;22496.53;22352.09;23234.63;3028.36506;116544
944;1659571200;1659657599;86399;22488.66;22138.84;21980.0;22844.82;3619.58466;120002
945;1659657600;1659743999;86399;22135.34;22912.33;22105.92;22956.76;3777.52402;130206
946;1659744000;1659830399;86399;22915.92;22552.18;22515.96;22944.66;1004.04628;48228
947;1659830400;1659916799;86399;22551.72;22796.36;22460.0;23013.77;1390.51314;52578
948;1659916800;1660003199;86399;22797.51;23382.82;22783.52;23798.8;3483.5485;114952
949;1660003200;1660089599;86399;23387.01;22712.4;22400.78;23494.35;3753.28294;119674
950;1660089600;1660175999;86399;22712.4;23287.96;22246.88;23551.12;5245.33328;162644
951;1660176000;1660262399;86399;23291.14;23241.01;23151.7;24125.0;5432.90278;188882
952;1660262400;1660348799;86399;23244.14;23789.39;22960.0;23849.0;3990.84764;179938
953;1660348800;1660435199;86399;23794.16;23848.48;23666.0;24235.37;3269.84284;148750
954;1660435200;1660521599;86399;23851.03;23733.76;23582.04;24400.0;3157.90148;112388
955;1660521600;1660607999;86399;23737.26;23715.55;23347.2;24594.54;4861.0209;192866
956;1660608000;1660694399;86399;23714.31;23463.44;23275.11;23887.04;3176.58726;126206
957;1660694400;1660780799;86399;23469.81;22952.91;22785.0;24030.0;4576.60672;172590
958;1660780800;1660867199;86399;22951.65;22995.57;22884.26;23243.99;2573.46094;103370
959;1660867200;1660953599;86399;22995.57;20767.64;20722.59;23020.5;6976.9538;251164
960;1660953600;1661039999;86399;20773.58;21084.1;20701.61;21314.58;2733.57792;105604
961;1661040000;1661126399;86399;21082.05;21479.32;21021.31;21760.0;2855.50776;100342
962;1661126400;1661212799;86399;21480.29;21524.51;20915.95;21695.67;3721.47918;122482
963;1661212800;1661299199;86399;21531.91;21600.26;21067.54;21725.0;3641.6941;114950
964;1661299200;1661385599;86399;21610.39;21446.89;21268.0;21961.0;3367.78824;105286
965;1661385600;1661471999;86399;21458.69;21629.2;21384.61;21846.05;3915.85272;124920
966;1661472000;1661558399;86399;21628.58;20358.05;20232.45;21811.99;6521.32728;225314
967;1661558400;1661644799;86399;20359.88;20153.25;19931.94;20521.27;2854.8773;128920
968;1661644800;1661731199;86399;20146.4;19713.93;19678.0;20264.63;1831.04292;89330
969;1661731200;1661817599;86399;19714.21;20292.71;19705.13;20458.09;3749.5105;152382
970;1661817600;1661903999;86399;20293.72;19780.0;19529.83;20597.38;5376.55668;178680
971;1661904000;1661990399;86399;19784.33;19989.56;19770.0;20450.0;4888.03656;154926
972;1661990400;1662076799;86399;19987.89;20217.6;19697.0;20289.77;3993.02506;134066
973;1662076800;1662163199;86399;20215.0;20072.48;19855.69;20428.41;4536.79078;170034
974;1662163200;1662249599;86399;20064.95;19938.86;19771.71;20170.0;1728.81044;67850
975;1662249600;1662335999;86399;19936.16;20166.2;19702.07;20189.99;2334.66032;87094
976;1662336000;1662422399;86399;20165.2;19910.0;19794.41;20213.21;3376.27414;116890
977;1662422400;1662508799;86399;19912.33;19006.17;18870.0;20240.0;7036.15468;225950
978;1662508800;1662595199;86399;19005.19;19319.78;18767.0;19492.61;5174.92236;181828
979;1662595200;1662681599;86399;19319.74;19310.01;19092.61;19477.97;4310.61936;165552
980;1662681600;1662767999;86399;19313.67;21231.4;19241.86;21430.0;7960.64206;224078
981;1662768000;1662854399;86399;21232.77;21522.33;20963.36;21683.55;4369.5913;143840
982;1662854400;1662940799;86399;21519.8;21657.93;21220.76;21756.19;3876.20742;125572
983;1662940800;1663027199;86399;21652.96;22116.76;21367.14;22235.14;6870.93582;205322
984;1663027200;1663113599;86399;22114.25;20239.66;19956.94;22423.19;9707.68986;304466
985;1663113600;1663199999;86399;20235.94;20269.78;19668.23;20572.88;5846.63372;243286
986;1663200000;1663286399;86399;20271.58;19746.94;19518.5;20416.69;6248.09922;269382
987;1663286400;1663372799;86399;19753.54;19797.25;19339.23;19967.66;4864.18816;251072
988;1663372800;1663459199;86399;19798.53;20105.01;19743.9;20186.96;2680.10422;137282
989;1663459200;1663545599;86399;20108.33;19391.19;19343.0;20112.14;3512.31444;160996
990;1663545600;1663631999;86399;19391.16;19499.14;18301.82;19653.78;9387.3919;441382
991;1663632000;1663718399;86399;19492.49;18943.85;18812.85;19569.31;7409.85466;301238
992;1663718400;1663804799;86399;18944.69;18793.9;18482.0;20099.0;11364.34486;395996
993;1663804800;1663891199;86399;18788.49;19707.15;18716.16;19833.63;7758.59092;273134
994;1663891200;1663977599;86399;19707.81;19882.62;19051.5;19999.3;7680.35578;304442
995;1663977600;1664063999;86399;19878.28;19512.39;19394.41;19904.5;4264.84954;167676
996;1664064000;1664150399;86399;19509.55;19417.3;19241.78;19768.0;4743.49992;155250
997;1664150400;1664236799;86399;19415.04;19981.0;19350.0;20032.82;7632.93932;312194
998;1664236800;1664323199;86399;19984.32;19888.61;19645.73;21142.99;12541.72166;463284
999;1664323200;1664409599;86399;19888.59;19996.65;19346.25;20300.0;11163.72018;408366
1000;1664409600;1664495999;86399;19999.4;19931.04;19370.0;20248.83;8354.29254;244686
1001;1664496000;1664582399;86399;19931.03;19828.58;19635.0;20572.09;7854.73148;261992
1002;1664582400;1664668799;86399;19825.91;19721.98;19555.01;19889.26;2739.9296;116464
1003;1664668800;1664755199;86399;19719.02;19473.7;19334.92;19800.14;3722.43324;123974
1004;1664755200;1664841599;86399;19475.82;19960.04;19392.0;20049.83;4964.40546;177472
1005;1664841600;1664927999;86399;19962.01;20382.15;19864.89;20490.0;6889.71224;208096
1006;1664928000;1665014399;86399;20376.79;20338.46;20076.69;20579.27;5956.2894;180138
1007;1665014400;1665100799;86399;20338.01;20388.03;20211.53;20649.0;6204.5195;187148
1008;1665100800;1665187199;86399;20387.0;20062.3;19802.38;20488.24;5521.19238;175354
1009;1665187200;1665273599;86399;20055.49;19957.0;19777.0;20566.63;2316.45244;77256
1010;1665273600;1665359999;86399;19946.88;19975.46;19850.64;20086.53;1731.43384;65496
1011;1665360000;1665446399;86399;19975.6;19710.0;19638.12;20050.0;3380.15576;98620
1012;1665446400;1665532799;86399;19703.0;19658.23;19461.19;19850.34;3992.3375;117382
1013;1665532800;1665619199;86399;19656.62;19731.73;19582.24;19820.15;2716.69296;79176
1014;1665619200;1665705599;86399;19734.08;19852.46;18894.21;19950.0;8049.67174;210648
1015;1665705600;1665791999;86399;19840.07;19736.0;19630.0;20358.34;5603.28754;145856
1016;1665792000;1665878399;86399;19740.72;19638.62;19552.63;19785.28;1289.9056;46312
1017;1665878400;1665964799;86399;19638.62;19775.38;19638.62;19999.0;1700.66982;52758
1018;1665964800;1666051199;86399;19773.5;19873.65;19666.25;20093.0;3281.6258;93436
1019;1666051200;1666137599;86399;19869.25;19611.03;19400.47;19992.0;5220.74234;183190
1020;1666137600;1666223999;86399;19607.19;19592.38;19493.44;19728.1;3857.0366;167184
1021;1666224000;1666310399;86399;19590.91;19484.37;19366.23;19671.42;6056.45574;206790
1022;1666310400;1666396799;86399;19478.99;19446.36;19201.0;19566.7;6314.28462;276532
1023;1666396800;1666483199;86399;19446.54;19478.22;19388.9;19529.99;1963.0429;222256
1024;1666483200;1666569599;86399;19480.02;19841.03;19358.19;19953.18;3729.41346;153554
1025;1666569600;1666655999;86399;19845.46;19553.7;19435.74;19881.77;6239.15884;361846
1026;1666656000;1666742399;86399;19554.87;20149.14;19470.0;20464.81;8171.97242;354676
1027;1666742400;1666828799;86399;20147.42;20579.23;20129.28;20972.91;9992.13876;436362
1028;1666828800;1666915199;86399;20584.81;20368.5;20277.0;20774.63;8283.05378;249608
1029;1666915200;1667001599;86399;20368.71;20685.89;20130.01;20892.47;7882.9597;228632
1030;1667001600;1667087999;86399;20687.0;20882.72;20645.74;21150.57;5073.35946;182750
1031;1667088000;1667174399;86399;20881.4;20734.19;20623.74;21003.84;3418.35592;137674
1032;1667174400;1667260799;86399;20727.92;20732.0;20481.04;20960.0;6472.46372;204976
1033;1667260800;1667347199;86399;20730.01;20751.74;20502.03;20842.06;5276.81206;160036
1034;1667347200;1667433599;86399;20749.41;20539.0;20451.7;20910.47;9351.29388;286256
1035;1667433600;1667519999;86399;20540.53;20738.26;20512.84;20849.91;7282.49138;230486
1036;1667520000;1667606399;86399;20738.25;21261.2;20691.46;21440.8;10878.60502;316514
1037;1667606400;1667692799;86399;21265.06;21422.88;21200.0;21575.0;3442.85004;197860
1038;1667692800;1667779199;86399;21422.48;21107.97;21077.31;21482.41;4611.584;279704
1039;1667779200;1667865599;86399;21107.83;20579.59;20386.0;21234.0;8724.38182;441402
1040;1667865600;1667951999;86399;20577.27;18482.98;17842.31;20656.24;20628.0844;664000
1041;1667952000;1668038399;86399;18481.76;15958.24;15666.0;18900.0;22270.960528;558224
1042;1668038400;1668124799;86399;15958.25;17303.0;15827.91;17882.18;22682.2855;584326
1043;1668124800;1668211199;86399;17298.58;16557.43;15800.0;17411.12;10965.54004;263112
1044;1668211200;1668297599;86399;16559.95;16351.88;16157.22;16603.07;3679.37078;149652
1045;1668297600;1668383999;86399;16351.9;15834.07;15756.03;16489.51;5530.80154;211676
1046;1668384000;1668470399;86399;15835.0;16095.8;15336.36;17250.0;11717.321202;340164
1047;1668470400;1668556799;86399;16085.03;16302.7;15999.51;16459.44;6588.72534;225438
1048;1668556800;1668643199;86399;16294.29;16019.68;15760.6;16386.0;5815.7192;201054
1049;1668643200;1668729599;86399;16029.17;16098.85;15814.84;16174.74;4709.94026;172410
1050;1668729600;1668815999;86399;16108.29;16165.61;16002.42;16384.48;5888.22292;190932
1051;1668816000;1668902399;86399;16165.2;16141.39;16024.28;16257.76;2347.50392;107630
1052;1668902400;1668988799;86399;16139.32;15740.56;15651.95;16190.0;4267.36744;156324
1053;1668988800;1669075199;86399;15744.41;15379.21;15120.0;15863.36;10946.94796;266980
1054;1669075200;1669161599;86399;15387.42;15731.23;15232.86;15845.54;8535.01344;225942
1055;1669161600;1669247999;86399;15729.85;15930.83;15663.05;16161.64;7440.08742;310182
1056;1669248000;1669334399;86399;15927.67;15937.57;15792.0;16113.15;5115.03116;252052
1057;1669334400;1669420799;86399;15942.26;15874.78;15690.0;15983.43;4800.72768;261164
1058;1669420800;1669507199;86399;15875.2;15815.66;15750.0;16043.95;3295.11272;219762
1059;1669507200;1669593599;86399;15810.26;15835.27;15800.0;15978.99;2987.86106;227362
1060;1669593600;1669679999;86399;15836.4;15669.0;15404.1;15879.28;7889.73126;383616
1061;1669680000;1669766399;86399;15670.83;15931.22;15553.29;15996.15;6783.79326;282856
1062;1669766400;1669852799;86399;15930.23;16473.17;15901.54;16573.0;10041.72534;353168
1063;1669852800;1669939199;86399;16472.75;16128.59;16027.32;16533.29;6579.1019;290432
1064;1669939200;1670025599;86399;16132.69;16096.14;16057.16;16233.53;371.93326;19622
